1001,SCORPION,Scorpion
1002,PORING,Poring
1004,HORNET,Hornet
1005,FARMILIAR,Familiar
1007,FABRE,Fabre
1008,PUPA,Pupa
1009,CONDOR,Condor
1010,WILOW,Willow
1011,CHONCHON,Chonchon
1012,RODA_FROG,Roda Frog
1013,WOLF,Wolf
1014,SPORE,Spore
1015,ZOMBIE,Zombie
1016,ARCHER_SKELETON,Archer Skeleton
1018,CREAMY,Creamy
1019,PECOPECO,Peco Peco
1020,MANDRAGORA,Mandragora
1023,ORK_WARRIOR,Orc Warrior
1024,WORM_TAIL,Wormtail
1025,SNAKE,Boa
1026,MUNAK,Munak
1028,SOLDIER_SKELETON,Soldier Skeleton
1029,ISIS,Isis
1030,ANACONDAQ,Anacondaq
1031,POPORING,Poporing
1032,VERIT,Verit
1033,ELDER_WILOW,Elder Willow
1034,THARA_FROG,Thara Frog
1035,HUNTER_FLY,Hunter Fly
1036,GHOUL,Ghoul
1037,SIDE_WINDER,Side Winder
1038,OSIRIS,Osiris
1039,BAPHOMET,Baphomet
1040,GOLEM,Golem
1041,MUMMY,Mummy
1042,STEEL_CHONCHON,Steel Chonchon
1044,OBEAUNE,Obeaune
1045,MARC,Marc
1046,DOPPELGANGER,Doppelganger
1047,PECOPECO_EGG,Peco Peco Egg
1048,THIEF_BUG_EGG,Thief Bug Egg
1049,PICKY,Picky
1050,PICKY_,Picky
1051,THIEF_BUG,Thief Bug
1052,ROCKER,Rocker
1053,THIEF_BUG_,Thief Bug Female
1054,THIEF_BUG__,Thief Bug Male
1055,MUKA,Muka
1056,SMOKIE,Smokie
1057,YOYO,Yoyo
1058,METALLER,Metaller
1059,MISTRESS,Mistress
1060,BIGFOOT,Bigfoot
1061,NIGHTMARE,Nightmare
1062,PORING_,Santa Poring
1063,LUNATIC,Lunatic
1064,MEGALODON,Megalodon
1065,STROUF,Strouf
1066,VADON,Vadon
1067,CORNUTUS,Cornutus
1068,HYDRA,Hydra
1069,SWORD_FISH,Swordfish
1070,KUKRE,Kukre
1071,PIRATE_SKEL,Pirate Skeleton
1072,KAHO,Kaho
1073,CRAB,Crab
1074,SHELLFISH,Shellfish
1076,SKELETON,Skeleton
1077,POISON_SPORE,Poison Spore
1078,RED_PLANT,Red Plant
1079,BLUE_PLANT,Blue Plant
1080,GREEN_PLANT,Green Plant
1081,YELLOW_PLANT,Yellow Plant
1082,WHITE_PLANT,White Plant
1083,SHINING_PLANT,Shining Plant
1084,BLACK_MUSHROOM,Black Mushroom
1085,RED_MUSHROOM,Red Mushroom
1086,GOLDEN_BUG,Golden Thief Bug
1087,ORK_HERO,Orc Hero
1088,VOCAL,Vocal
1089,TOAD,Toad
1090,MASTERING,Mastering
1091,DRAGON_FLY,Dragon Fly
1092,VAGABOND_WOLF,Vagabond Wolf
1093,ECLIPSE,Eclipse
1094,AMBERNITE,Ambernite
1095,ANDRE,Andre
1096,ANGELING,Angeling
1097,ANT_EGG,Ant Egg
1098,ANUBIS,Anubis
1099,ARGIOPE,Argiope
1100,ARGOS,Argos
1101,BAPHOMET_,Baphomet Jr.
1102,BATHORY,Bathory
1103,CARAMEL,Caramel
1104,COCO,Coco
1105,DENIRO,Deniro
1106,DESERT_WOLF,Desert Wolf
1107,DESERT_WOLF_B,Baby Desert Wolf
1108,DEVIACE,Deviace
1109,DEVIRUCHI,Deviruchi
1110,DOKEBI,Dokebi
1111,DRAINLIAR,Drainliar
1112,DRAKE,Drake
1113,DROPS,Drops
1114,DUSTINESS,Dustiness
1115,EDDGA,Eddga
1116,EGGYRA,Eggyra
1117,EVIL_DRUID,Evil Druid
1118,FLORA,Flora
1119,FRILLDORA,Frilldora
1120,GHOSTRING,Ghostring
1121,GIEARTH,Giearth
1122,GOBLIN_1,Goblin
1123,GOBLIN_2,Goblin
1124,GOBLIN_3,Goblin
1125,GOBLIN_4,Goblin
1126,GOBLIN_5,Goblin
1127,HODE,Hode
1128,HORN,Horn
1129,HORONG,Horong
1130,JAKK,Jakk
1131,JOKER,Joker
1132,KHALITZBURG,Khalitzburg
1133,KOBOLD_1,Kobold
1134,KOBOLD_2,Kobold
1135,KOBOLD_3,Kobold
1136,KOBOLD_4,Kobold
1137,KOBOLD_5,Kobold
1138,MAGNOLIA,Magnolia
1139,MANTIS,Mantis
1140,MARDUK,Marduk
1141,MARINA,Marina
1142,MARINE_SPHERE,Marine Sphere
1143,MARIONETTE,Marionette
1144,MARSE,Marse
1145,MARTIN,Martin
1146,MATYR,Matyr
1147,MAYA,Maya
1148,MEDUSA,Medusa
1149,MINOROUS,Minorous
1150,MOONLIGHT,Moonlight Flower
1151,MYST,Myst
1152,ORC_SKELETON,Orc Skeleton
1153,ORC_ZOMBIE,Orc Zombie
1154,PASANA,Pasana
1155,PETIT,Petite
1156,PETIT_,Petite
1157,PHARAOH,Pharaoh
1158,PHEN,Phen
1159,PHREEONI,Phreeoni
1160,PIERE,Piere
1161,PLANKTON,Plankton
1162,RAFFLESIA,Rafflesia
1163,RAYDRIC,Raydric
1164,REQUIEM,Requiem
1165,SAND_MAN,Sandman
1166,SAVAGE,Savage
1167,SAVAGE_BABE,Savage Babe
1169,SKEL_WORKER,Skeleton Worker
1170,SOHEE,Sohee
1174,STAINER,Stainer
1175,TAROU,Tarou
1176,VITATA,Vitata
1177,ZENORC,Zenorc
1178,ZEROM,Zerom
1179,WHISPER,Whisper
1180,NINE_TAIL,Nine Tail
1182,THIEF_MUSHROOM,Thief Mushroom
1183,CHONCHON_,Chonchon
1184,FABRE_,Fabre
1185,WHISPER_,Whisper
1186,WHISPER_BOSS,Giant Whisper
1188,BON_GUN,Bongun
1189,ORC_ARCHER,Orc Archer
1190,ORC_LORD,Orc Lord
1191,MIMIC,Mimic
1192,WRAITH,Wraith
1193,ALARM,Alarm
1194,ARCLOUSE,Arclouze
1195,RIDEWORD,Rideword
1196,SKEL_PRISONER,Skeleton Prisoner
1197,ZOMBIE_PRISONER,Zombie Prisoner
1198,DARK_PRIEST,Dark Priest
1199,PUNK,Punk
1200,ZHERLTHSH,Zealotus
1201,RYBIO,Rybio
1202,PHENDARK,Phendark
1203,MYSTELTAINN,Mysteltainn
1204,TIRFING,Ogretooth
1205,EXECUTIONER,Executioner
1206,ANOLIAN,Anolian
1207,STING,Sting
1208,WANDER_MAN,Wanderer
1209,CRAMP,Cramp
1211,BRILIGHT,Brilight
1212,IRON_FIST,Iron Fist
1213,HIGH_ORC,High Orc
1214,CHOCO,Choco
1215,STEM_WORM,Stem Worm
1216,PENOMENA,Penomena
1219,KNIGHT_OF_ABYSS,Abysmal Knight
1220,M_DESERT_WOLF,Desert Wolf
1221,M_SAVAGE,Savage
1229,META_FABRE,Fabre
1230,META_PUPA,Pupa
1231,META_CREAMY,Creamy
1232,META_PECOPECO_EGG,Peco Peco Egg
1234,PROVOKE_YOYO,Yoyo
1235,SMOKING_ORC,Smoking Orc
1236,META_ANT_EGG,Ant Egg
1237,META_ANDRE,Andre
1238,META_PIERE,Piere
1239,META_DENIRO,Deniro
1240,META_PICKY,Picky
1241,META_PICKY_,Picky
1242,MARIN,Marin
1243,SASQUATCH,Sasquatch
1244,JAKK_XMAS,Christmas Jakk
1245,GOBLINE_XMAS,Christmas Goblin
1246,COOKIE_XMAS,Christmas Cookie
1247,ANTONIO,Antonio
1248,CRUISER,Cruiser
1249,MYSTCASE,Myst Case
1250,CHEPET,Chepet
1251,KNIGHT_OF_WINDSTORM,Stormy Knight
1252,GARM,Hatii
1253,GARGOYLE,Gargoyle
1254,RAGGLER,Raggler
1255,NERAID,Nereid
1256,PEST,Pest
1257,INJUSTICE,Injustice
1258,GOBLIN_ARCHER,Goblin Archer
1259,GRYPHON,Gryphon
1260,DARK_FRAME,Dark Frame
1261,WILD_ROSE,Wild Rose
1262,MUTANT_DRAGON,Mutant Dragonoid
1263,WIND_GHOST,Wind Ghost
1264,MERMAN,Merman
1265,COOKIE,Cookie
1266,ASTER,Aster
1267,CARAT,Carat
1268,BLOODY_KNIGHT,Bloody Knight
1269,CLOCK,Clock
1270,C_TOWER_MANAGER,Clock Tower Manager
1271,ALLIGATOR,Alligator
1272,DARK_LORD,Dark Lord
1273,ORC_LADY,Orc Lady
1274,MEGALITH,Megalith
1275,ALICE,Alice
1276,RAYDRIC_ARCHER,Raydric Archer
1277,GREATEST_GENERAL,Greatest General
1278,STALACTIC_GOLEM,Stalactic Golem
1279,TRI_JOINT,Tri Joint
1280,STEAM_GOBLIN,Goblin Steamrider
1281,SAGEWORM,Sage Worm
1282,KOBOLD_ARCHER,Kobold Archer
1283,CHIMERA,Chimera
1285,ARCHER_GUARDIAN,Archer Guardian
1286,KNIGHT_GUARDIAN,Knight Guardian
1287,SOLDIER_GUARDIAN,Soldier Guardian
1288,EMPELIUM,Emperium
1289,MAYA_PUPLE,Maya Purple
1290,SKELETON_GENERAL,Skeleton General
1291,WRAITH_DEAD,Wraith Dead
1292,MINI_DEMON,Mini Demon
1293,CREMY_FEAR,Creamy Fear
1294,KILLER_MANTIS,Killer Mantis
1295,OWL_BARON,Owl Baron
1296,KOBOLD_LEADER,Kobold Leader
1297,ANCIENT_MUMMY,Ancient Mummy
1298,ZOMBIE_MASTER,Zombie Master
1299,GOBLIN_LEADER,Goblin Leader
1300,CATERPILLAR,Caterpillar
1301,AM_MUT,Am Mut
1302,DARK_ILLUSION,Dark Illusion
1303,GIANT_HONET,Giant Hornet
1304,GIANT_SPIDER,Giant Spider
1305,ANCIENT_WORM,Ancient Worm
1306,LEIB_OLMAI,Leib Olmai
1307,CAT_O_NINE_TAIL,Cat o' Nine Tails
1308,PANZER_GOBLIN,Panzer Goblin
1309,GAJOMART,Gajomart
1310,MAJORUROS,Majoruros
1311,GULLINBURSTI,Gullinbursti
1312,TURTLE_GENERAL,Turtle General
1313,MOBSTER,Mobster
1314,PERMETER,Permeter
1315,ASSULTER,Assaulter
1316,SOLIDER,Solider
1317,FUR_SEAL,Seal
1318,HEATER,Heater
1319,FREEZER,Freezer
1320,OWL_DUKE,Owl Duke
1321,DRAGON_TAIL,Dragon Tail
1322,SPRING_RABBIT,Spring Rabbit
1323,SEE_OTTER,Sea Otter
1324,TREASURE_BOX1,Treasure Chest
1325,TREASURE_BOX2,Treasure Chest
1326,TREASURE_BOX3,Treasure Chest
1327,TREASURE_BOX4,Treasure Chest
1328,TREASURE_BOX5,Treasure Chest
1329,TREASURE_BOX6,Treasure Chest
1330,TREASURE_BOX7,Treasure Chest
1331,TREASURE_BOX8,Treasure Chest
1332,TREASURE_BOX9,Treasure Chest
1333,TREASURE_BOX10,Treasure Chest
1334,TREASURE_BOX11,Treasure Chest
1335,TREASURE_BOX12,Treasure Chest
1336,TREASURE_BOX13,Treasure Chest
1337,TREASURE_BOX14,Treasure Chest
1338,TREASURE_BOX15,Treasure Chest
1339,TREASURE_BOX16,Treasure Chest
1340,TREASURE_BOX17,Treasure Chest
1341,TREASURE_BOX18,Treasure Chest
1342,TREASURE_BOX19,Treasure Chest
1343,TREASURE_BOX20,Treasure Chest
1344,TREASURE_BOX21,Treasure Chest
1345,TREASURE_BOX22,Treasure Chest
1346,TREASURE_BOX23,Treasure Chest
1347,TREASURE_BOX24,Treasure Chest
1348,TREASURE_BOX25,Treasure Chest
1349,TREASURE_BOX26,Treasure Chest
1350,TREASURE_BOX27,Treasure Chest
1351,TREASURE_BOX28,Treasure Chest
1352,TREASURE_BOX29,Treasure Chest
1353,TREASURE_BOX30,Treasure Chest
1354,TREASURE_BOX31,Treasure Chest
1355,TREASURE_BOX32,Treasure Chest
1356,TREASURE_BOX33,Treasure Chest
1357,TREASURE_BOX34,Treasure Chest
1358,TREASURE_BOX35,Treasure Chest
1359,TREASURE_BOX36,Treasure Chest
1360,TREASURE_BOX37,Treasure Chest
1361,TREASURE_BOX38,Treasure Chest
1362,TREASURE_BOX39,Treasure Chest
1363,TREASURE_BOX40,Treasure Chest
1364,G_ASSULTER,Assaulter
1365,APOCALIPS,Apocalypse
1366,LAVA_GOLEM,Lava Golem
1367,BLAZZER,Blazer
1368,GEOGRAPHER,Geographer
1369,GRAND_PECO,Grand Peco
1370,SUCCUBUS,Succubus
1371,FAKE_ANGEL,False Angel
1372,GOAT,Goat
1373,LORD_OF_DEATH,Lord of the Dead
1374,INCUBUS,Incubus
1375,THE_PAPER,The Paper
1376,HARPY,Harpy
1377,ELDER,Elder
1378,DEMON_PUNGUS,Demon Pungus
1379,NIGHTMARE_TERROR,Nightmare Terror
1380,DRILLER,Driller
1381,GRIZZLY,Grizzly
1382,DIABOLIC,Diabolic
1383,EXPLOSION,Explosion
1384,DELETER,Deleter
1385,DELETER_,Deleter
1386,SLEEPER,Sleeper
1387,GIG,Gig
1388,ARCHANGELING,Arc Angeling
1389,DRACULA,Dracula
1390,VIOLY,Violy
1391,GALAPAGO,Galapago
1392,ROTAR_ZAIRO,Rotar Zairo
1393,G_MUMMY,Mummy
1394,G_ZOMBIE,Zombie
1395,CRYSTAL_1,Wind Crystal
1396,CRYSTAL_2,Earth Crystal
1397,CRYSTAL_3,Fire Crystal
1398,CRYSTAL_4,Water Crystal
1399,EVENT_BAPHO,Baphomet
1400,KARAKASA,Karakasa
1401,SHINOBI,Shinobi
1402,POISON_TOAD,Poisonous Toad
1403,ANTIQUE_FIRELOCK,Firelock Soldier
1404,MIYABI_NINGYO,Miyabi Doll
1405,TENGU,Tengu
1406,KAPHA,Kapha
1408,BLOOD_BUTTERFLY,Bloody Butterfly
1409,RICE_CAKE_BOY,Dumpling Child
1410,LIVE_PEACH_TREE,Enchanted Peach Tree
1412,EVIL_CLOUD_HERMIT,Taoist Hermit
1413,WILD_GINSENG,Hermit Plant
1415,BABY_LEOPARD,Baby Leopard
1416,WICKED_NYMPH,Evil Nymph
1417,ZIPPER_BEAR,Zipper Bear
1418,DARK_SNAKE_LORD,Evil Snake Lord
1419,G_FARMILIAR,Familiar
1420,G_ARCHER_SKELETON,Archer Skeleton
1421,G_ISIS,Isis
1422,G_HUNTER_FLY,Hunter Fly
1423,G_GHOUL,Ghoul
1424,G_SIDE_WINDER,Side Winder
1425,G_OBEAUNE,Obeaune
1426,G_MARC,Marc
1427,G_NIGHTMARE,Nightmare
1428,G_POISON_SPORE,Poison Spore
1429,G_ARGIOPE,Argiope
1430,G_ARGOS,Argos
1431,G_BAPHOMET_,Baphomet Jr.
1432,G_DESERT_WOLF,Desert Wolf
1433,G_DEVIRUCHI,Deviruchi
1434,G_DRAINLIAR,Drainliar
1435,G_EVIL_DRUID,Evil Druid
1436,G_JAKK,Jakk
1437,G_JOKER,Joker
1438,G_KHALITZBURG,Khalitzburg
1439,G_HIGH_ORC,High Orc
1440,G_STEM_WORM,Stem Worm
1441,G_PENOMENA,Penomena
1442,G_SASQUATCH,Sasquatch
1443,G_CRUISER,Cruiser
1444,G_CHEPET,Chepet
1445,G_RAGGLER,Raggler
1446,G_INJUSTICE,Injustice
1447,G_GRYPHON,Gryphon
1448,G_DARK_FRAME,Dark Frame
1449,G_MUTANT_DRAGON,Mutant Dragonoid
1450,G_WIND_GHOST,Wind Ghost
1451,G_MERMAN,Merman
1452,G_ORC_LADY,Orc Lady
1453,G_RAYDRIC_ARCHER,Raydric Archer
1454,G_TRI_JOINT,Tri Joint
1455,G_KOBOLD_ARCHER,Kobold Archer
1456,G_CHIMERA,Chimera
1457,G_MANTIS,Mantis
1458,G_MARDUK,Marduk
1459,G_MARIONETTE,Marionette
1460,G_MATYR,Matyr
1461,G_MINOROUS,Minorous
1462,G_ORC_SKELETON,Orc Skeleton
1463,G_ORC_ZOMBIE,Orc Zombie
1464,G_PASANA,Pasana
1465,G_PETIT,Petite
1466,G_PETIT_,Petite
1467,G_RAYDRIC,Raydric
1468,G_REQUIEM,Requiem
1469,G_SKEL_WORKER,Skeleton Worker
1470,G_ZEROM,Zerom
1471,G_NINE_TAIL,Nine Tail
1472,G_BON_GUN,Bongun
1473,G_ORC_ARCHER,Orc Archer
1474,G_MIMIC,Mimic
1475,G_WRAITH,Wraith
1476,G_ALARM,Alarm
1477,G_ARCLOUSE,Arclouze
1478,G_RIDEWORD,Rideword
1479,G_SKEL_PRISONER,Skeleton Prisoner
1480,G_ZOMBIE_PRISONER,Zombie Prisoner
1481,G_PUNK,Punk
1482,G_ZHERLTHSH,Zealotus
1483,G_RYBIO,Rybio
1484,G_PHENDARK,Phendark
1485,G_MYSTELTAINN,Mysteltainn
1486,G_TIRFING,Ogretooth
1487,G_EXECUTIONER,Executioner
1488,G_ANOLIAN,Anolian
1489,G_STING,Sting
1490,G_WANDER_MAN,Wanderer
1491,G_DOKEBI,Dokebi
1492,INCANTATION_SAMURAI,Samurai Specter
1493,DRYAD,Dryad
1494,KIND_OF_BEETLE,Beetle King
1495,STONE_SHOOTER,Stone Shooter
1497,WOODEN_GOLEM,Wooden Golem
1498,WOOTAN_SHOOTER,Wootan Shooter
1499,WOOTAN_FIGHTER,Wootan Fighter
1500,PARASITE,Parasite
1502,PORING_V,Bring it on!
1503,GIBBET,Gibbet
1504,DULLAHAN,Dullahan
1505,LOLI_RURI,Loli Ruri
1506,DISGUISE,Disguise
1507,BLOODY_MURDERER,Bloody Murderer
1508,QUVE,Quve
1509,LUDE,Lude
1510,HYLOZOIST,Heirozoist
1511,AMON_RA,Amon Ra
1512,HYEGUN,Yao Jun
1513,CIVIL_SERVANT,Mao Guai
1514,DANCING_DRAGON,Zhu Po Long
1515,GARM_BABY,Baby Hatii
1516,INCREASE_SOIL,Mi Gao
1517,LI_ME_MANG_RYANG,Jing Guai
1518,BACSOJIN,White Lady
1519,CHUNG_E,Green Maiden
1520,BOILED_RICE,Boiled Rice
1521,G_ALICE,Alice
1522,G_ANCIENT_MUMMY,Ancient Mummy
1523,G_ANTIQUE_FIRELOCK,Firelock Soldier
1524,G_BABY_LEOPARD,Baby Leopard
1525,G_BATHORY,Bathory
1526,G_BLOOD_BUTTERFLY,Bloody Butterfly
1527,G_C_TOWER_MANAGER,Clock Tower Manager
1528,G_CLOCK,Clock
1529,G_DARK_SNAKE_LORD,Evil Snake Lord
1530,G_DRACULA,Dracula
1531,G_EVIL_CLOUD_HERMIT,Taoist Hermit
1532,G_EXPLOSION,Explosion
1533,G_FUR_SEAL,Seal
1534,G_GOBLIN_1,Goblin
1535,G_GOBLIN_2,Goblin
1536,G_GOBLIN_3,Goblin
1537,G_GOBLIN_4,Goblin
1538,G_GOBLIN_5,Goblin
1539,G_GOBLIN_LEADER,Goblin Leader
1540,G_GOLEM,Golem
1541,G_GREATEST_GENERAL,Greatest General
1542,G_INCANTATION_SAMURA,Incantation Samurai
1543,G_KAPHA,Kapha
1544,G_KARAKASA,Karakasa
1545,G_KOBOLD_1,Kobold
1546,G_KOBOLD_2,Kobold
1547,G_KOBOLD_3,Kobold
1548,G_KOBOLD_LEADER,Kobold Leader
1549,G_LAVA_GOLEM,Lava Golem
1550,G_LIVE_PEACH_TREE,Enchanted Peach Tree
1551,G_MARSE,Marse
1552,G_MIYABI_NINGYO,Miyabi Doll
1553,G_MYST,Myst
1554,G_NIGHTMARE_TERROR,Nightmare Terror
1555,G_PARASITE,Parasite
1556,G_POISON_TOAD,Poisonous Toad
1557,G_ROTAR_ZAIRO,Rotar Zairo
1558,G_SAND_MAN,Sandman
1559,G_SCORPION,Scorpion
1560,G_SHINOBI,Shinobi
1561,G_SMOKIE,Smokie
1562,G_SOLDIER_SKELETON,Soldier Skeleton
1563,G_TENGU,Tengu
1564,G_WICKED_NYMPH,Evil Nymph
1565,G_WILD_GINSENG,Hermit Plant
1566,G_WRAITH_DEAD,Wraith Dead
1567,G_ANCIENT_WORM,Ancient Worm
1568,G_ANGELING,Angeling
1569,G_BLOODY_KNIGHT,Bloody Knight
1570,G_CRAMP,Cramp
1571,G_DEVIACE,Deviace
1572,G_DROPS,Drops
1573,G_ELDER,Elder
1574,G_ELDER_WILOW,Elder Willow
1575,G_FLORA,Flora
1576,G_GHOSTRING,Ghostring
1577,G_GOBLIN_ARCHER,Goblin Archer
1578,G_HORONG,Horong
1579,G_HYDRA,Hydra
1580,G_INCUBUS,Incubus
1581,G_VOCAL,Vocal
1582,DEVILING,Deviling
1583,TAO_GUNKA,Tao Gunka
1584,TAMRUAN,Tamruan
1585,MIME_MONKEY,Mime Monkey
1586,LEAF_CAT,Leaf Cat
1587,KRABEN,Kraben
1588,ORC_XMAS,Christmas Orc
1589,G_MANDRAGORA,Mandragora
1590,G_GEOGRAPHER,Geographer
1591,A_LUNATIC,Lunatic
1592,A_MOBSTER,Gangster
1593,A_ANCIENT_MUMMY,Ancient Mummy
1594,G_FREEZER,Freezer
1595,G_MARIN,Marin
1596,G_TAMRUAN,Tamruan
1597,G_GARGOYLE,Gargoyle
1598,G_BLAZZER,Blazzer
1599,G_WHISPER_BOSS,Giant Whisper
1600,G_HEATER,Heater
1601,G_PERMETER,Permeter
1602,G_SOLIDER,Solider
1603,G_BIGFOOT,Bigfoot
1604,G_GIANT_HONET,Giant Hornet
1605,G_DARK_ILLUSION,Dark Illusion
1606,G_GARM_BABY,Baby Hatii
1607,G_GOBLINE_XMAS,Christmas Goblin
1608,G_THIEF_BUG__,Thief Bug Male
1609,G_DANCING_DRAGON,Zhu Po Long
1610,A_MUNAK,Munak
1611,A_BON_GUN,Bongun
1612,A_HYEGUN,Yao Jun
1613,METALING,Metaling
1614,MINERAL,Mineral
1615,OBSIDIAN,Obsidian
1616,PITMAN,Pitman
1617,WASTE_STOVE,Old Stove
1618,UNGOLIANT,Ungoliant
1619,PORCELLIO,Porcellio
1620,NOXIOUS,Noxious
1621,VENOMOUS,Venomous
1622,TEDDY_BEAR,Teddy Bear
1623,RSX_0806,RSX-0806
1624,G_WASTE_STOVE,Old Stove
1625,G_PORCELLIO,Porcellio
1626,G_DARK_PRIEST,Hellion Revenant
1627,ANOPHELES,Anopheles
1628,MOLE,Holden
1629,HILL_WIND,Hill Wind
1630,BACSOJIN_,White Lady
1631,CHUNG_E_,Green Maiden
1632,GREMLIN,Gremlin
1633,BEHOLDER,Beholder
1634,SEYREN,Seyren Windsor
1635,EREMES,Eremes Guile
1636,HARWORD,Howard Alt-Eisen
1637,MAGALETA,Margaretha Sorin
1638,SHECIL,Cecil Damon
1639,KATRINN,Kathryne Keyron
1640,G_SEYREN,Lord Knight Seyren
1641,G_EREMES,Assassin Cross Eremes
1642,G_HARWORD,Whitesmith Howard
1643,G_MAGALETA,High Priest Margaretha
1644,G_SHECIL,Sniper Cecil
1645,G_KATRINN,High Wizard Kathryne
1646,B_SEYREN,Lord Knight Seyren
1647,B_EREMES,Assassin Cross Eremes
1648,B_HARWORD,Whitesmith Howard
1649,B_MAGALETA,High Priest Margaretha
1650,B_SHECIL,Sniper Cecil
1651,B_KATRINN,High Wizard Kathryne
1652,YGNIZEM,Egnigem Cenia
1653,WHIKEBAIN,Wickebine Tres
1654,ARMAIA,Armeyer Dinze
1655,EREND,Errende Ebecee
1656,KAVAC,Kavach Icarus
1657,RAWREL,Laurell Weinder
1658,B_YGNIZEM,Egnigem Cenia
1659,G_WHIKEBAIN,Wickebine Tres
1660,G_ARMAIA,Armeyer Dinze
1661,G_EREND,Errende Ebecee
1662,G_KAVAC,Kavach Icarus
1663,G_RAWREL,Laurell Weinder
1664,POTON_CANON,Photon Cannon
1665,POTON_CANON_1,Photon Cannon
1666,POTON_CANON_2,Photon Cannon
1667,POTON_CANON_3,Photon Cannon
1668,ARCHDAM,Archdam
1669,DIMIK,Dimik
1670,DIMIK_1,Dimik
1671,DIMIK_2,Dimik
1672,DIMIK_3,Dimik
1673,DIMIK_4,Dimik
1674,MONEMUS,Monemus
1675,VENATU,Venatu
1676,VENATU_1,Venatu
1677,VENATU_2,Venatu
1678,VENATU_3,Venatu
1679,VENATU_4,Venatu
1680,HILL_WIND_1,Hill Wind
1681,GEMINI,Gemini-S58
1682,REMOVAL,Remover
1683,G_POTON_CANON,Photon Cannon
1684,G_ARCHDAM,Archdam
1685,APOCALIPS_H,Vesper
1686,ORC_BABY,Orc Baby
1687,GREEN_IGUANA,Grove
1688,LADY_TANEE,Lady Tanee
1689,G_BACSOJIN,White Lady
1690,G_SPRING_RABBIT,Spring Rabbit
1691,G_KRABEN,Kraben
1692,BREEZE,Breeze
1693,PLASMA_Y,Plasma
1694,PLASMA_R,Plasma
1695,PLASMA_G,Plasma
1696,PLASMA_P,Plasma
1697,PLASMA_B,Plasma
1698,DEATHWORD,Death Word
1699,ANCIENT_MIMIC,Ancient Mimic
1700,OBSERVATION,Dame of Sentinel
1701,SHELTER,Mistress of Shelter
1702,RETRIBUTION,Baroness of Retribution
1703,SOLACE,Lady Solace
1704,THA_ODIUM,Odium of Thanatos
1705,THA_DESPERO,Despero of Thanatos
1706,THA_MAERO,Maero of Thanatos
1707,THA_DOLOR,Dolor of Thanatos
1708,THANATOS,Thanatos Phantom
1709,G_THA_ODIUM,Odium of Thanatos
1710,G_THA_DESPERO,Despero of Thanatos
1711,G_THA_MAERO,Maero of Thanatos
1712,G_THA_DOLOR,Dolor of Thanatos
1713,ACIDUS,Acidus
1714,FERUS,Ferus
1715,NOVUS,Novus
1716,ACIDUS_,Acidus
1717,FERUS_,Ferus
1718,NOVUS_,Novus
1719,DETALE,Detardeurus
1720,HYDRO,Hydrolancer
1721,DRAGON_EGG,Dragon Egg
1722,EVENT_JAKK,Jakk
1723,A_SHECIL,Cecil Damon
1724,A_POTON_CANON,Photon Cannon
1725,R_PORING,Poring
1726,R_LUNATIC,Lunatic
1727,R_SAVAGE_BABE,Savage Babe
1728,R_DESERT_WOLF_B,Baby Desert Wolf
1729,R_BAPHOMET_,Baphomet Jr.
1730,R_DEVIRUCHI,Deviruchi
1731,G_DOPPELGANGER,Doppelganger
1732,G_TREASURE_BOX,Treasure Chest
1733,KIEL,Kiehl
1734,KIEL_,Kiel D-01
1735,ALICEL,Alicel
1736,ALIOT,Aliot
1737,ALIZA,Aliza
1738,CONSTANT,Constant
1739,G_ALICEL,Alicel
1740,G_ALIOT,Aliot
1741,G_COOKIE_XMAS,Christmas Cookie
1742,G_CARAT,Carat
1743,G_MYSTCASE,Myst Case
1744,G_WILD_ROSE,Wild Rose
1745,G_CONSTANT,Constant
1746,G_ALIZA,Aliza
1747,G_SNAKE,Boa
1748,G_ANACONDAQ,Anacondaq
1749,G_MEDUSA,Medusa
1750,G_RED_PLANT,Red Plant
1751,RANDGRIS,Valkyrie Randgris
1752,SKOGUL,Skogul
1753,FRUS,Frus
1754,SKEGGIOLD,Skeggiold
1755,SKEGGIOLD_,Skeggiold
1756,G_HYDRO,Hydrolancer
1757,G_ACIDUS,Acidus
1758,G_FERUS,Ferus
1759,G_ACIDUS_,Acidus
1760,G_FERUS_,Ferus
1761,G_SKOGUL,Skogul
1762,G_FRUS,Frus
1763,G_SKEGGIOLD,Skeggiold
1764,G_SKEGGIOLD_,Skeggiold
1765,G_RANDGRIS,Valkyrie
1766,EM_ANGELING,Angeling
1767,EM_DEVILING,Deviling
1768,GLOOMUNDERNIGHT,Gloom Under Night
1769,AGAV,Agav
1770,ECHIO,Echio
1771,VANBERK,Vanberk
1772,ISILLA,Isilla
1773,HODREMLIN,Hodremlin
1774,SEEKER,Seeker
1775,SNOWIER,Snowier
1776,SIROMA,Siroma
1777,ICE_TITAN,Ice Titan
1778,GAZETI,Gazeti
1779,KTULLANUX,Ktullanux
1780,MUSCIPULAR,Muscipular
1781,DROSERA,Drosera
1782,ROWEEN,Roween
1783,GALION,Galion
1784,STAPO,Stapo
1785,ATROCE,Atroce
1786,G_AGAV,Agav
1787,G_ECHIO,Echio
1788,G_ICE_TITAN,Ice Titan
1789,ICEICLE,Iceicle
1790,G_RAFFLESIA,Rafflesia
1791,G_GALION,Galion
1792,SOCCER_BALL,Soccer Ball
1793,G_MEGALITH,Megalith
1794,G_ROWEEN,Roween
1795,BLOODY_KNIGHT_,Bloody Knight
1796,AUNOE,Aunoe
1797,FANAT,Fanat
1798,TREASURE_BOX_,Treasure Chest
1799,B_SEYREN_,Lord Knight Seyren
1800,B_EREMES_,Assassin Cross Eremes
1801,B_HARWORD_,Mastersmith Howard
1802,B_MAGALETA_,High Priest Margaretha
1803,B_SHECIL_,Sniper Cecil
1804,B_KATRINN_,High Wizard Kathryne
1805,G_SEYREN_,Lord Knight Seyren
1806,G_EREMES_,Assassin Cross Eremes
1807,G_HARWORD_,Mastersmith Howard
1808,G_MAGALETA_,High Priest Margaretha
1809,G_SHECIL_,Sniper Cecil
1810,G_KATRINN_,High Wizard Kathryne
1811,G_SMOKIE_,Bandit
1812,EVENT_LUDE,Delightful Lude
1813,EVENT_HYDRO,Hydrolancer
1814,EVENT_MOON,Moonlight Flower
1815,EVENT_RICECAKE,Rice Cake
1816,EVENT_GOURD,Gourd
1817,EVENT_DETALE,Detardeurus
1818,EVENT_ALARM,Alarm
1819,EVENT_BATHORY,Bathory
1820,EVENT_BIGFOOT,Bigfoot
1821,EVENT_DESERT_WOLF,Desert Wolf
1822,EVENT_DEVIRUCHI,Deviruchi
1823,EVENT_FREEZER,Freezer
1824,EVENT_GARM_BABY,Baby Hatii
1825,EVENT_GOBLINE_XMAS,Christmas Goblin
1826,EVENT_MYST,Myst
1827,EVENT_SASQUATCH,Sasquatch
1828,EVENT_GULLINBURSTI,Gullinbursti
1829,SWORD_GUARDIAN,Sword Guardian
1830,BOW_GUARDIAN,Bow Guardian
1831,SALAMANDER,Salamander
1832,IFRIT,Ifrit
1833,KASA,Kasa
1834,G_SALAMANDER,Salamander
1835,G_KASA,Kasa
1836,MAGMARING,Magmaring
1837,IMP,Imp
1838,KNOCKER,Knocker
1839,BYORGUE,Byrogue
1840,GOLDEN_SAVAGE,Golden Savage
1841,G_SNAKE_,Snake Lord's Minion
1842,G_ANACONDAQ_,Snake Lord's Minion
1843,G_SIDE_WINDER_,Snake Lord's Minion
1844,G_ISIS_,Snake Lord's Minion
1845,G_TREASURE_BOX_,Treasure Box
1846,DREAMMETAL,Dream Metal
1847,EVENT_PORING,Poring
1848,EVENT_BAPHOMET,Baphomet
1849,EVENT_OSIRIS,Osiris
1850,EVENT_ORCHERO,Orc Hero
1851,EVENT_MOBSTER,Mobster
1852,G_EM_ANGELING,Angeling
1853,G_EM_DEVILING,Deviling
1854,E_MUKA,Muka
1855,E_POISONSPORE,Poison Spore
1856,E_MAGNOLIA,Magnolia
1857,E_MARIN,Marin
1858,E_PLANKTON,Plankton
1859,E_MANDRAGORA,Mandragora
1860,E_COCO,Coco
1861,E_CHOCO,Choco
1862,E_MARTIN,Martin
1863,E_SPRING_RABBIT,Spring Rabbit
1864,ZOMBIE_SLAUGHTER,Zombie Slaughter
1865,RAGGED_ZOMBIE,Ragged Zombie
1866,HELL_POODLE,Hellhound
1867,BANSHEE,Banshee
1868,G_BANSHEE,Banshee
1869,FLAME_SKULL,Flame Skull
1870,NECROMANCER,Necromancer
1871,FALLINGBISHOP,Falling Bishop
1872,BEELZEBUB_FLY,Hell Fly
1873,BEELZEBUB,Beelzebub
1874,BEELZEBUB_,Beelzebub
1875,TRISTAN_3RD,Tristan III
1876,E_LORD_OF_DEATH,Lord of the Dead
1877,CRYSTAL_5,Crystal
1878,E_SHINING_PLANT,Mystic Plant
1879,ECLIPSE_P,Eclipse
1880,WOOD_GOBLIN,Leshij
1881,LES,Lesavka
1882,VAVAYAGA,Baba-Yaga
1883,UZHAS,Kikimora
1884,MAVKA,Mavka
1885,GOPINICH,Gopinich
1886,G_MAVKA,Mavka
1887,FREEZER_R,Freezer
1888,GARM_BABY_R,Baby Hatii
1889,GARM_R,Marozka's Guard
1890,GOPINICH_R,The Immortal Koshei
1891,G_RANDGRIS_,Valkyrie
1892,G_LOLI_RURI,Lolo Ruri
1893,G_KNIGHT_OF_ABYSS,Abysmal Knight
1894,POURING,Pouring
1895,EVENT_SEYREN,Seyren Windsor
1896,EVENT_KATRINN,Kathryne Keyron
1897,EVENT_BAPHOMET_,Baphomet
1898,EVENT_ZOMBIE,Zombie
1899,SWORD_GUARDIAN_,Sword Guardian
1900,BOW_GUARDIAN_,Archer Guardian
1901,E_CONDOR,Condor
1902,E_TREASURE1,Treasure Box
1903,E_TREASURE2,Treasure Box
1904,BOMBPORING,Bomb Poring
1905,BARRICADE,Barricade
1906,BARRICADE_,Barricade
1907,S_EMPEL_1,Guardian Stone
1908,S_EMPEL_2,Guardian Stone
1909,OBJ_A,Food Storage
1910,OBJ_B,Food Depot
1911,OBJ_NEUTRAL,Neutrality Flag
1912,OBJ_FLAG_A,Lion Flag
1913,OBJ_FLAG_B,Eagle Flag
1914,OBJ_A2,Blue Crystal
1915,OBJ_B2,Pink Crystal
1916,MOROCC,Satan Morocc
1917,MOROCC_,Wounded Morocc
1918,MOROCC_1,Incarnation of Morocc
1919,MOROCC_2,Incarnation of Morocc
1920,MOROCC_3,Incarnation of Morocc
1921,MOROCC_4,Incarnation of Morocc
1922,G_MOROCC_1,Shadow of Morocc
1923,G_MOROCC_2,Shadow of Morocc
1924,G_MOROCC_3,Shadow of Morocc
1925,G_MOROCC_4,Shadow of Morocc
1926,JAKK_H,Jakk
1927,WHISPER_H,Whisper
1928,DEVIRUCHI_H,Deviruchi
1929,BAPHOMET_I,Unsealed Baphomet
1930,PIAMETTE,Piamette
1931,WISH_MAIDEN,Wish Maiden
1932,GARDEN_KEEPER,Garden Keeper
1933,GARDEN_WATCHER,Garden Watcher
1934,BLUE_FLOWER,Blue Flower
1935,RED_FLOWER,Red Flower
1936,YELL_FLOWER,Yellow Flower
1937,CONSTANT_,Constant
1938,TREASURE_BOX41,Treasure Chest
1939,TREASURE_BOX42,Treasure Chest
1940,TREASURE_BOX43,Treasure Chest
1941,TREASURE_BOX44,Treasure Chest
1942,TREASURE_BOX45,Treasure Chest
1943,TREASURE_BOX46,Treasure Chest
1944,TREASURE_BOX47,Treasure Chest
1945,TREASURE_BOX48,Treasure Chest
1946,TREASURE_BOX49,Treasure Chest
1947,PIAMETTE_,Piamette
1948,G_YGNIZEM,Egnigem Cenia
1949,B_S_GUARDIAN,Camp Guardian
1950,B_B_GUARDIAN,Camp Guardian
1951,CRYSTAL_6,Crystal
1952,CRYSTAL_7,Crystal
1953,CRYSTAL_8,Crystal
1954,CRYSTAL_9,Crystal
1955,TREASURE_BOX_I,Treasure Chest
1956,NAGHT_SIEGER,Naght Sieger
1957,ENTWEIHEN,Entweihen Crothen
1958,G_ENTWEIHEN_R,Thorny Skeleton
1959,G_ENTWEIHEN_H,Thorn of Recovery
1960,G_ENTWEIHEN_M,Thorn of Magic
1961,G_ENTWEIHEN_S,Thorn of Purification
1962,ANTONIO_,Christmas Thief
1963,P_CHUNG_E,New Year Doll
1964,NIGHTMARE_T,Nightmare
1965,M_WILD_ROSE,Wild Rose
1966,M_DOPPELGANGER,Doppelganger
1967,M_YGNIZEM,Egnigem Cenia
1968,E_STROUF,Strouf
1969,E_MARC,Marc
1970,E_OBEAUNE,Obeune
1971,E_VADON,Vadon
1972,E_MARINA,Marina
1973,E_PORING,Poring
1974,BANSHEE_MASTER,Banshee Master
1975,BEHOLDER_MASTER,Beholder Master
1976,COBALT_MINERAL,Cobalt Mineral
1977,HEAVY_METALING,Heavy Metaling
1978,HELL_APOCALIPS,Hell Vesper
1979,ZAKUDAM,Zakudam
1980,KUBLIN,Kublin
1981,I_HIGH_ORC,Orc Elite Guard
1982,I_ORC_ARCHER,Orc Bowman
1983,I_ORC_SKELETON,Orc Undead
1984,I_ORC_LADY,Orc Lady
1985,DANDELION,Dandelion Member
1986,TATACHO,Tatacho
1987,CENTIPEDE,Centipede
1988,NEPENTHES,Nepenthes
1989,HILLSRION,Hillthrion
1990,HARDROCK_MOMMOTH,Hardrock Mammoth
1991,TENDRILRION,Tendrillion
1992,CORNUS,Cornus
1993,NAGA,Naga
1994,LUCIOLA_VESPA,Luciola Vespa
1995,PINGUICULA,Pinguicula
1997,G_TATACHO,Tatacho
1998,G_HILLSRION,Hillslion
1999,CENTIPEDE_LARVA,Centipede Larva
2000,M_GAMEMASTER,Male Game Master
2001,F_GAMEMASTER,Female Game Master
2002,T_SPRING_RABBIT,Talisman Ghost
2003,T_BACSOJIN,Talisman Ghost
2004,T_WICKED_NYMPH,Talisman Ghost
2005,T_PLASMA_B,Plasma
2006,T_PLASMA_P,Plasma
2007,T_PLASMA_R,Plasma
2008,WOOMAWANG,Woomawang
2009,WOOMAWANG_,Woomawang
2010,G_MAJORUROS,Ox
2011,E_GHOUL,Tenacious Ghoul
2012,E_ZOMBIE,Tenacious Zombie
2013,DRACO,Draco
2014,DRACO_EGG,Draco Egg
2015,PINGUICULA_D,Dark Pinguicula
2016,AQUA_ELEMENTAL,Aqua Elemental
2017,RATA,Rata
2018,DUNEYRR,Duneyrr
2019,ANCIENT_TREE,Ancient Tree
2020,RHYNCHO,Rhyncho
2021,PHYLLA,Phylla
2022,S_NYDHOG,Nidhoggur's Shadow
2023,DARK_SHADOW,Dark Shadow
2024,BRADIUM_GOLEM,Bradium Golem
2025,MYSTCASE_EVENT,Wild Gift Box
2026,DANDELION_,Runaway Dandelion Member
2027,G_DARK_SHADOW,Dark Shadow
2030,HIDEN_PRIEST,Hiden Priest
2031,DANDELION_H,Dandelion
2032,GUARDIAN_FOREST,Forest Guardian
2033,GOLDEN_TULIP,Golden Tulip
2034,M_DESERT_WOLF_B,Baby Desert Wolf
2035,NIHILITY_ZEM,Nihility Zem
2036,VALKYRIE_N,Valkyrie Randgris
2037,VALKYRIE_A,Valkyrie Randgris
2038,VALKYRIE_B,Valkyrie Randgris
2039,EXECUTIONER_R,Executioner
2040,TIRFING_R,Ogretooth
2041,MYSTELTAINN_R,Mysteltainn
2042,SILVERSNIPER,Silver Sniper
2043,MAGICDECOY_FIRE,Magic Decoy
2044,MAGICDECOY_WATER,Magic Decoy
2045,MAGICDECOY_EARTH,Magic Decoy
2046,MAGICDECOY_WIND,Magic Decoy
2047,W_NAGA,Naga
2048,W_PINGUICULA_D,Dark Pinguicula
2049,W_BRADIUM_GOLEM,Bradium Golem
2050,W_AQUA_ELEMENTAL,Aqua Elemental
2052,E_DARKLORD,Dark Lord
2057,E_CRAMP,Strange Mouse
2058,M_MIMIC,Mimic
2059,M_DISGUISE,Disguise
2060,M_ALICE,Alice
2066,E_ANOPHELES,Anopheles
2067,E_ANOPHELES_,Anopheles
2068,BOITATA,Boitata
2069,IARA,Iara
2070,PIRANHA,Piranha
2071,HEADLESS_MULE,Headless Mule
2072,JAGUAR,Jaguar
2073,TOUCAN,Toucan
2074,CURUPIRA,Curupira
2075,E_VADON_X,Ragunta
2076,S_WIND_GHOST,Shadow of Deception
2077,S_SKOGUL,Shadow of Illusion
2078,S_SUCCUBUS,Shadow of Pleasure
2079,CRYSTAL_H,Crystal
2080,CRYSTAL_L,Crystal
2081,E_HYDRA,Strange Hydra
2082,G_PIRANHA,Piranha
2083,HORN_SCARABA,One-Horned Scaraba
2084,HORN_SCARABA2,Two-Horned Scaraba
2085,ANTLER_SCARABA,Antler Scaraba
2086,RAKE_SCARABA,Rake Scaraba
2087,QUEEN_SCARABA,Scaraba Queen
2088,HORN_SCARABA_EGG,Scaraba Egg
2089,HORN_SCARABA2_EGG,Scaraba Egg
2090,ANTLER_SCARABA_EGG,Antler Scaraba Egg
2091,RAKE_SCARABA_EGG,Rake Scaraba Egg
2092,DOLOMEDES,Dolomedes
2093,BOTARING,Botaring
2094,E_ORK_HERO2,Orc Hero
2095,E_EDDGA,Eddga
2096,E_OSIRIS2,Osiris
2097,E_DRACULA,Dracula
2098,E_DOPPELGANGER,Doppelganger
2099,E_MISTRESS,Mistress
2100,E_BAPHOMET2,Baphomet
2101,E_LORD_OF_DEATH2,Lord of the Dead
2102,E_DARK_LORD,Dark Lord
2103,E_KTULLANUX,Ktullanux
2104,E_DARK_SNAKE_LORD,Evil Snake Lord
2105,E_TURTLE_GENERAL,Turtle General
2106,E_APOCALIPS_H,Vesper
2107,E_FALLINGBISHOP,Fallen Bishop Hibram
2108,E_GLOOMUNDERNIGHT,Gloom Under Night
2109,E_RANDGRIS,Valkyrie Randgris
2110,E_IFRIT,Ifrit
2111,E_B_HARWORD,Whitesmith Howard
2112,E_B_SEYREN,Lord Knight Seyren
2113,E_B_EREMES,Assassin Cross Eremes
2126,M_ANOPHELES,Anopheles
2127,M_HORNET,Hornet
2128,M_HORNET2,Hornet
2129,M_LUCIOLA_VESPA,Luciola Vespa
2130,M_LUCIOLA_VESPA2,Luciola Vespa
2131,LOST_DRAGON,Lost Dragon
2132,POM_SPIDER,Pom Spider
2133,ANGRA_MANTIS,Angra Mantis
2134,PARUS,Parus
2135,CREEPER,Creeper
2136,LITTLE_FATUM,Little Fatum
2137,MIMING,Miming
2138,NYDHOG_MEMORY1_1,Nydhoggur Memory
2139,NYDHOG_MEMORY1_2,Nydhoggur Memory
2140,NYDHOG_MEMORY2_1,Nydhoggur Memory
2141,NYDHOG_MEMORY2_2,Nydhoggur Memory
2142,NYDHOG_MEMORY3_1,Nydhoggur Memory
2143,NYDHOG_MEMORY3_2,Nydhoggur Memory
2144,G_ANTLER_SCARABA,Antler Scaraba
2145,G_RAKE_SCARABA,Rake Scaraba
2146,G_S_NYDHOG,Shade of Dragon
2147,E_WHITE_PLANT,White Plant
2148,E_BLUE_PLANT,Blue Plant
2149,E_SAVAGE_BABE,Savage Babe
2150,WATERMELON,Ripe Watermelon
2151,ALNOLDI,Rafflesia Alnoldi
2152,COMODO,Comodo
2153,CENDRAWASIH,Cendrawasih
2154,BANASPATY,Banaspaty
2155,BUTOIJO,Butoijo
2156,LEAK,Leak
2157,G_BANASPATY,Banaspaty
2158,S_HORNET,Hornet
2159,S_GIANT_HORNET,Giant Hornet
2160,S_LUCIOLA_VESPA,Luciola Vespa
2161,I_HORN_SCARABA,Gold One-Horn Scaraba
2162,I_HORN_SCARABA2,Gold Two-Horn Scaraba
2163,I_ANTLER_SCARABA,Gold Antler Scaraba
2164,I_RAKE_SCARABA,Gold Rake Scaraba
2165,I_QUEEN_SCARABA,Gold Queen Scaraba
2166,I_HORN_SCARABA_EGG,Gold One-Horn Scaraba E
2167,I_HORN_SCARABA2_EGG,Gold Two-Horn Scaraba Eg
2168,I_ANTLER_SCARABA_EGG,Gold Antler Scaraba Egg
2169,I_RAKE_SCARABA_EGG,Gold Rake Scaraba Egg
2170,I_G_ANTLER_SCARABA,Gold Antler Scaraba
2171,I_G_RAKE_SCARABA,Gold Rake Scaraba
2172,I_G_HORN_SCARABA,Gold One-Horn Scaraba
2173,I_G_HORN_SCARABA2,Gold Two-Horn Scaraba
2174,MD_VADON,Deep Sea Vadon
2175,MD_MARSE,Deep Sea Marse
2176,MD_CRAB,Deep Sea Crab
2177,MD_CORNUTUS,Deep Sea Cornutus
2178,MD_SHELLFISH,Deep Sea Shellfish
2179,MD_KUKRE,Deep Sea Kukre
2180,MD_STROUF,Deep Sea Strouf
2181,MD_SWORD_FISH,Deep Sea Sword Fish
2182,MD_MARC,Deep Sea Marc
2183,MD_ANOLIAN,Deep Sea Anolian
2184,MD_OBEAUNE,Deep Sea Obeaune
2185,MD_KAPHA,Deep Sea Kapha
2186,COELACANTH_N_E,Coelacanth
2187,COELACANTH_N_A,Gloomy Coelacanth
2188,COELACANTH_N_M,Weird Coelacanth
2189,COELACANTH_H_M,Mutant Coelacanth
2190,COELACANTH_H_A,Violent Coelacanth
2191,MD_SEAWEED,Seaweed
2192,MD_OCTOPUS,Octopus
2193,MD_OCTOPUS_LEG,Octopus Leg
2194,MD_GIANT_OCTOPUS,Giant Octopus
2195,MD_G_KUKRE,Kukre
2196,MD_G_STROUF,Strouf
2197,RED_ERUMA,Red Eruma
2198,KING_DRAMOH,King Dramoh
2199,SIORAVA,Siorava
2200,J_TAINI,Taini
2201,SROPHO,Sropho
2202,KRAKEN,Kraken
2203,POT_DOFLE,Pot Dofle
2204,SEDORA,Sedora
2206,KRAKEN_LEG,Kraken Tentacle
2208,WILD_RIDER,Wild Rider
2209,E_THIEF_BUG,Thief Bug
2210,XMAS_LUNATIC,Christmas Snow Rabbit
2211,E_TEDDY_BEAR,Christmas Teddy Bear
2212,E_KNIGHT_OF_WINDSTORM,Stormy Knight
2213,M_WANDER_MAN,Wanderer
2214,M_WICKED_NYMPH,Evil Nymph
2215,M_KASA,Kasa
2216,M_SALAMANDER,Salamander
2217,M_TEDDY_BEAR,Teddy Bear
2218,E_OCTOPUS_LEG,Octopus Tentacle
2219,E_GIANT_OCTOPUS,Giant Octopus
2220,E_QUVE,Messenger of Devil
2221,RANDEL,Randel
2222,FLAMEL,Flamel
2223,CELIA,Celia
2224,CHEN,Chen
2225,GERTIE,Gertie
2226,ALPHOCCIO,Alphoccio
2227,TRENTINI,Trentini
2228,G_RANDEL,Paladin Randel
2229,G_FLAMEL,Creator Flamel
2230,G_CELIA,Professor Celia
2231,G_CHEN,Champion Chen
2232,G_GERTIE,Stalker Gertie
2233,G_ALPHOCCIO,Clown Alphoccio
2234,G_TRENTINI,Gypsy Trentini
2235,B_RANDEL,Paladin Randel
2236,B_FLAMEL,Creator Flamel
2237,B_CELIA,Professor Celia
2238,B_CHEN,Champion Chen
2239,B_GERTIE,Stalker Gertie
2240,B_ALPHOCCIO,Clown Alphoccio
2241,B_TRENTINI,Gypsy Trentini
2242,MD_DESERT_WOLF,Desert Wolf
2243,MD_DESERT_WOLF_B,Desert Wolf
2244,QUEST_CHEN,Dark Martial Arts Master
2245,EXP_TEST,Experience Test
2246,Q_WOOTAN_FIGHTER,Wootan Fighter
2247,Q_INCREASE_SOIL,Mi Gao
2248,GOLDPORING,Golden Poring
2249,PYURIEL,Angry Student Pyuriel
2250,LORA,Warrior Laura
2251,GIOIA,Gioia
2252,ELVIRA,Elvira
2253,DAEHYON,General Daehyun
2254,SOHEON,Samurai Soheon
2255,KADES,Dark Guardian Kades
2256,RUDO,Rudo
2257,I_PIAMETTE,Piamette
2258,I_PIAMETTE_,Piamette
2259,I_GARDEN_KEEPER,Garden Keeper
2260,G_GARDEN_KEEPER,Garden Keeper
2261,I_GARDEN_WATCHER,Garden Watcher
2262,G_GARDEN_WATCHER,Garden Watcher
2263,I_WISH_MAIDEN,Wish Maiden
2264,I_ARMAIA,Armeyer Dinze
2265,I_ARMAIA_,Armeyer Dinze
2266,I_EREND,Errende Ebecee
2267,I_EREND_,Errende Ebecee
2268,I_KAVAC,Kavach Icarus
2269,I_KAVAC_,Kavach Icarus
2270,I_RAWREL,Laurell Weinder
2271,I_RAWREL_,Laurell Weinder
2272,I_WHIKEBAIN,Wickebine Tres
2273,I_WHIKEBAIN_,Wickebine Tres
2274,I_YGNIZEM,Egnigem Cenia
2275,I_YGNIZEM_,Egnigem Cenia
2276,I_DOPPELGANGER,Doppelganger
2277,G_LORA,Warrior Laura
2278,G_ELVIRA,Elvira
2279,G_SOHEON,Samurai Soheon
2280,G_RUDO,Rudo
2281,GLD_DARK_SHADOW,Dark Shadow
2282,GLD_DARK_FRAME,Dark Frame
2283,GLD_DARK_PRIEST,Dark Priest
2284,GLD_KOBOLD_1,Dark Axe Kobold
2285,GLD_KOBOLD_2,Dark Hammer Kobold
2286,GLD_KOBOLD_3,Dark Mace Kobold
2287,GLD_KOBOLD_ARCHER,Dark Kobold Archer
2288,GLD_TREASURE,Treasure Chest
2289,E_FABRE,Fabre
2290,J_THIEF_BUG,Thief Bug
2291,E_HORNET,Hornet
2292,E_HORN,Horn
2293,E_KIND_OF_BEETLE,Beetle King
2294,E_ARGIOPE,Argiope
2295,E_GIANT_SPIDER,Giant Spider
2296,E_KILLER_MANTIS,Killer Mantis
2297,E_GIANT_HONET,Giant Hornet
2298,E_DRAGON_TAIL,Dragon Tail
2299,E_STAINER,Stainer
2300,E_CHONCHON,Chonchon
2301,E_STEEL_CHONCHON,Steel Chonchon
2302,E_HUNTER_FLY,Hunter Fly
2303,E_MAYA,Maya
2304,E_QUEEN_SCARABA,Queen Scaraba
2305,E_UNGOLIANT,Ungoliant
2306,E_GOLDEN_BUG,Golden Thief Bug
2307,J_MISTRESS,Mistress
2308,KO_KAGE,Zanzou
2309,BUNGISNGIS,Bungisngis
2310,ENGKANTO,Engkanto
2311,MANANANGGAL,Manananggal
2312,MANGKUKULAM,Mangkukulam
2313,TIKBALANG,Tikbalang
2314,TIYANAK,Tiyanak
2315,WAKWAK,Wakwak
2316,JEJELING,Jejeling
2317,BANGUNGOT_1,Bangungot
2318,BANGUNGOT_2,Bangungot
2319,BUWAYA,Buwaya
2320,BAKONAWA_1,Bakonawa
2321,BAKONAWA_2,Bakonawa
2322,BAKONAWA_3,Bakonawa
2323,EVENT_BOMB,Bomb Poring
2324,EVENT_RANGE,Penomena
2325,M_BAPHOMET_,Baphomet
2326,M_GALAPAGO,Galapago
2327,BANGUNGOT_3,Bangungot
2328,MA_DRUM,Drum
2329,BUWAYA_EGG,Buwaya's Egg
2330,BUWAYA_SLAVE,Slave
2331,MA_SEAW,Seaweed
2332,BUWAYA_GHOST,Buwaya
2333,BUWAYA_WEAK,Weakpoint
2334,G_WAKWAK,Wakwak
2335,MA_TREASURE,Bakonawa's Treasure
2336,DOMOVOI,Domovoi
2337,HIDDEN_MOB,Monster
2338,MD_MANANANGGAL,Manananggal
2339,MD_MANGKUKULAM,Mangkukulam
2340,MD_TIYANAK,Tiyanak
2341,RWC_BOSS2011,2011 RWC Boss
2342,MER_DIABOLIC,Diabolic
2343,HIDDEN_MOB_W,Hidden Mob
2344,MER_WISH_MAIDEN,Wish Maiden
2345,MER_ZHERLTHSH,Zealotus
2346,MER_KTULLANUX,Ktullanux
2347,MER_EDDGA,Eddga
2348,MER_CIVIL_SERVANT,Mao Guai
2349,MER_LOLI_RURI,Loli Ruri
2350,MER_SEDORA,Sedora
2351,MER_CHEPET,Chepet
2352,E_RSX_0805,RSX 0805
2353,N_MINOROUS,Minorous (Nightmare)
2354,N_MUMMY,Mummy (Nightmare)
2355,N_VERIT,Verit (Nightmare)
2356,N_MIMIC,Mimic (Nightmare)
2357,G_N_MIMIC,Mimic (Nightmare)
2358,N_ARCLOUSE,Arclouze (Nightmare)
2359,G_N_ARCLOUSE,Arclouze (Nightmare)
2360,N_ANCIENT_MUMMY,Ancient Mummy (Nightmare
2361,G_N_ANCIENT_MUMMY,Ancient Mummy (Nightmare
2362,N_AMON_RA,Amon Ra (Nightmare)
2363,MENBLATT,Menblatt
2364,PETAL,Petal
2365,CENERE,Cenere
2366,ANTIQUE_BOOK,Antique Book
2367,LICHTERN_B,Lichtern
2368,LICHTERN_Y,Lichtern
2369,LICHTERN_R,Lichtern
2370,LICHTERN_G,Lichtern
2371,FAITHFUL_MANAGER,Faithful Manager
2372,SOIL,Soil
2373,ROCK,Rock
2374,THICKET,Thicket
2375,MOROCC_4_142,Incarnation of Morocc
2376,MOROCC_2_142,Incarnation of Morocc
2377,E_NOVUS_,Novus
2378,MER_ANTLER_SCARABA,Antler Scaraba
2379,XMAS_SMOKEY_SOCK,Socks Stealing Raccoon
2380,XMAS_SMOKEY_GIFT,Gift Stealing Raccoon
2398,LITTLE_PORING,Little Poring
2401,G_PORING,Poring
2402,POPORING_IMMUNE_M,Poporing
2403,POPORING_IMMUNE_A,Poporing
2404,DEAD_PLANKTON,Dead Plankton
2405,WEAK_SKELETON,Weak Skeleton
2406,WEAK_SKEL_SOLDIER,Weak Soldier Skeleton
2407,SAILOR_SKELETON,Sailor Skeleton
2408,DUMMY_10,Dummy 10
2409,DUMMY_50,Dummy 50
2410,DUMMY_100,Dummy 100
2411,DUMMY_150,Dummy 150
2413,DUMMY_10_FIRE,Dummy 10
2415,L_SEYREN,Knight Seyren
2416,L_EREMES,Assassin Eremes
2417,L_HARWORD,Blacksmith Howard
2418,L_SHECIL,Hunter Cecil
2419,L_KATRINN,Wizard Kathryne
2420,L_MAGALETA,Priest Margaretha
2421,L_YGNIZEM,Crusader Egnigem
2422,L_WHIKEBAIN,Rogue Wickebine
2423,L_ARMAIA,Alchemist Armeyer
2424,L_KAVAC,Bard Kavach
2425,L_DANCER,Dancer Josephina
2426,L_RAWREL,Sage Laurell
2427,L_EREND,Monk Errende
2428,G_L_SEYREN,Knight Seyren
2429,G_L_EREMES,Assassin Eremes
2430,G_L_HARWORD,Blacksmith Howard
2431,G_L_SHECIL,Hunter Cecil
2432,G_L_KATRINN,Wizard Kathryne
2433,G_L_MAGALETA,Priest Margaretha
2434,G_L_YGNIZEM,Crusader Egnigem
2435,G_L_WHIKEBAIN,Rogue Wickebine
2436,G_L_ARMAIA,Alchemist Armeyer
2437,G_L_KAVAC,Bard Kavach
2438,G_L_DANCER,Dancer Josephina
2439,G_L_RAWREL,Sage Laurell
2440,G_L_EREND,Monk Errende
2441,B_NOVICE,The Last One
2442,B_SUPERNOVICE,King of the Alley
2443,AIRA,Aira
2444,KULUNA,Kuluna
2445,MALLINA,Mallina
2446,EZELLA,Ezella
2447,LUNE,Lune
2448,MORIN,Morin
2449,NASARIN,Nasarin
2450,THIEF_PORING,Thief Poring
2451,BABY_STRANGE,Strange Baby Orc
2452,TREASURE_BOX_TE,Treasure Chest
2453,TREASURE_BOX_TE_1,Treasure Chest
2454,TREASURE_BOX_TE_2,Treasure Chest
2455,TREASURE_BOX_TE_3,Treasure Chest
2456,TREASURE_BOX_TE_4,Treasure Chest
2457,TREASURE_BOX_TE_5,Treasure Chest
2458,TREASURE_BOX_TE_6,Treasure Chest
2459,TREASURE_BOX_TE_7,Treasure Chest
2460,TREASURE_BOX_TE_8,Treasure Chest
2461,TREASURE_BOX_TE_9,Treasure Chest
2462,TREASURE_BOX_TE_10,Treasure Chest
2464,MG_ZOMBIE,Corrupted Steward
2465,MG_WRAITH,Corrupted Monk
2466,MG_GHOUL,Grand Chamberlain in pai
2467,MG_ARCLOUSE,Maggot
2468,MG_RAYDRIC,Corrupted Palace Guard
2469,MG_RAYDRIC_ARCHER,Wandering Archer
2470,MG_KNIGHT_OF_ABYSS,Corrupted Abysmal Knight
2471,MG_KHALITZBURG,Suffering Khalitzburg
2472,MG_BLOODY_KNIGHT,Bloody Knight
2473,MG_M_UNDEAD_KNIGHT,1st Commander of Destruc
2474,MG_F_UNDEAD_KNIGHT,2nd Commander of Destruc
2475,MG_CORRUPTION_ROOT,Corrupted Soul
2476,MG_AMDARAIS,Amdarais
2477,NG_WANDER_MAN,Nightmare Wander Man
2478,NG_RIDEWORD,Nightmare Rideword
2479,NG_MIMIC,Nightmare Mimic
2480,NG_EVIL_DRUID,Nightmare Evil Druid
2481,NG_WRAITH_DEAD,Nightmare Wraith Dead
2483,NG_BAPHOMET,Nightmare Baphomet
2484,G_NG_BAPHOMET_,Nightmare Baphomet Jr.
2485,NG_CHIMERA,Nightmare Chimera
2528,FACEWORM,Faceworm
2529,FACEWORM_QUEEN,Faceworm Queen
2530,FACEWORM_DARK,Dark Faceworm
2531,VENOM_BUG,Venom Bug
2532,FACEWORM_QUEEN_R,Red Faceworm Queen
2533,FACEWORM_QUEEN_G,Green Faceworm Queen
2534,FACEWORM_QUEEN_B,Blue Faceworm Queen
2535,FACEWORM_QUEEN_Y,Yellow Faceworm Queen
2536,HIDDEN_MOB3,Monster 3
2537,HIDDEN_MOB4,Monster 4
2539,HIDDEN_MOB5,Monster 5
2540,FACEWORM_EGG,Faceworm Egg
2541,FACEWORM_LARVA,Faceworm Larva
2542,IRENE_ELDER,Doyen Irene
2543,PAYONSOLDIER,1st Payon Soldier
2544,PAYONSOLDIER2,2nd Payon Soldier
2545,GUARDDOG,1st Guard Dog
2546,GUARDDOG2,2nd Guard Dog
2549,GEFFEN_MAGE_1,Arhi
2550,GEFFEN_MAGE_2,Dio Anemos
2551,GEFFEN_MAGE_3_1,Geffen Shoplifter
2552,GEFFEN_MAGE_3_2,Geffen Bully
2553,GEFFEN_MAGE_3_3,Geffen Gang Member
2554,GEFFEN_MAGE_4,Faymont
2555,GEFFEN_MAGE_5,Ordre
2556,GEFFEN_MAGE_6,Blut Hase
2557,GEFFEN_MAGE_7,Kuro Akuma
2558,GEFFEN_MAGE_8,Ifodes
2559,GEFFEN_MAGE_9,Licheniyes
2560,GEFFEN_MAGE_10,Odoric
2561,GEFFEN_MAGE_11,Ju
2562,GEFFEN_MAGE_12,Dwigh
2563,FEI_KANABIAN,Fay Kanavian
2564,GEFFEN_FENRIR,Fenrir
2565,ALPHONSE,Alphonse
2566,ALPHONSE_JR,Alphonse Jr
2567,E_GEFFEN_MAGE_3_2,Geffen Bully
2568,E_GEFFEN_MAGE_3_3,Geffen Gang Member
2569,G_ANOPHELES,Anopheles
2570,G_BREEZE,Breeze
2571,G_BUTOIJO,Butoijo
2572,G_CARAMEL,Caramel
2573,G_CHONCHON,Chonchon
2574,G_CIVIL_SERVANT,Civil Servant
2575,G_COCO,Coco
2576,G_CREAMY,Creamy
2577,G_FABRE,Fabre
2578,G_HORN,Horn
2579,G_HYLOZOIST,Hylozoist
2580,G_KAHO,Kaho
2581,G_LUDE,Lude
2582,G_LUNATIC,Lunatic
2583,G_MARTIN,Martin
2584,G_MINERAL,Mineral
2585,G_MOLE,Mole
2586,G_NERAID,Neraid
2587,G_OBSIDIAN,Obsidian
2588,G_PITMAN,Pitman
2589,G_POPORING,Poporing
2590,G_ROCKER,Rocker
2591,G_SAVAGE,Savage
2592,G_SIORAVA,Siorava
2593,G_SIROMA,Siroma
2594,G_SNOWIER,Snowier
2595,G_STAINER,Stainer
2596,G_STAPO,Stapo
2597,G_STEEL_CHONCHON,Steel Chonchon
2598,G_UNGOLIANT,Ungoliant
2599,G_WILD_RIDER,Wild Rider
2600,G_WOLF,Wolf
2601,G_YOYO,Yoyo
2602,G_ZIPPER_BEAR,Zipper Bear
2603,C1_ZOMBIE_SLAUGHTER,Swift Zombie Slaughter
2604,C2_ZOMBIE_PRISONER,Solid Zombie Prisoner
2605,C3_ZOMBIE_MASTER,Zombie Master Ringleader
2606,C4_ZOMBIE,Furious Zombie
2607,C5_ZAKUDAM,Elusive Zakudam
2608,C1_YOYO,Swift Yoyo
2609,C2_YOYO,Solid Yoyo
2610,C3_WORM_TAIL,Wormtail Ringleader
2611,C4_WOOTAN_FIGHTER,Furious Wootan Fighter
2612,C5_WOOD_GOBLIN,Elusive Wood Goblin
2613,C1_WOLF,Swift Wolf
2614,C2_WIND_GHOST,Solid Wind Ghost
2615,C3_WILOW,Willow Ringleader
2616,C4_WILD_ROSE,Furious Wild Rose
2617,C5_WICKED_NYMPH,Elusive Evil Nymph
2618,C2_WHISPER,Solid Whisper
2619,C3_WEAK_SKELETON,Weak Skeleton Ringleader
2620,C4_WANDER_MAN,Furious Wanderer
2621,C5_VIOLY,Elusive Violy
2622,C1_VIOLY,Swift Violy
2623,C2_VIOLY,Solid Violy
2624,C3_VENOMOUS,Venomous Ringleader
2625,C4_VENATU_1,Furious Venatu
2626,C5_VAVAYAGA,Elusive Vavayaga
2627,C1_VANBERK,Swift Vanberk
2628,C2_VADON,Solid Vadon
2629,C3_UNGOLIANT,Ungoliant Ringleader
2630,C4_TOUCAN,Furious Toucan
2631,C5_TIYANAK,Elusive Tiyanak
2632,C2_THIEF_BUG,Solid Thief Bug
2633,C3_THIEF_BUG,Thief Bug Ringleader
2634,C4_THIEF_BUG,Furious Thief Bug
2635,C5_THARA_FROG,Elusive Thara Frog
2636,C1_TEDDY_BEAR,Swift Teddy Bear
2637,C2_TATACHO,Solid Tatacho
2638,C3_TAROU,Tarou Ringleader
2639,C4_TAMRUAN,Furious Tamruan
2640,C5_STING,Elusive Sting
2641,C1_STEM_WORM,Swift Stem Worm
2642,C2_STEEL_CHONCHON,Solid Steel Chonchon
2643,C3_STAPO,Stapo Ringleader
2644,C4_STALACTIC_GOLEM,Furious Stalactic Golem
2645,C5_STAINER,Elusive Stainer
2646,C1_SPORE,Swift Spore
2647,C2_SOLIDER,Solid Solider
2648,C3_SOLDIER_SKELETON,Soldier Skeleton Ringlea
2649,C4_SOLDIER_SKELETON,Furious Soldier Skeleton
2650,C5_SOLACE,Elusive Lady Solace
2651,C1_SOHEE,Swift Sohee
2652,C2_SNOWIER,Solid Snowier
2653,C3_SNAKE,Boa Ringleader
2654,C4_SMOKIE,Furious Smokie
2655,C5_SLEEPER,Elusive Sleeper
2656,C1_SLEEPER,Swift Sleeper
2657,C2_SKOGUL,Solid Skogul
2658,C3_SKELETON_GENERAL,Skeleton General Ringlea
2659,C4_SKELETON_GENERAL,Furious Skeleton General
2660,C5_SKEL_WORKER,Elusive Skeleton Worker
2661,C1_SIROMA,Swift Siroma
2662,C2_SIDE_WINDER,Solid Side Winder
2663,C3_SIDE_WINDER,Side Winder Ringleader
2664,C4_SHINOBI,Furious Shinobi
2665,C5_SHELTER,Elusive Mistress of Shel
2666,C1_SHELLFISH,Swift Shellfish
2667,C2_SHECIL,Solid Cecil Damon
2668,C3_SEE_OTTER,Sea Otter Ringleader
2669,C4_SEDORA,Furious Lamp Rey
2670,C5_SCORPION,Elusive Scorpion
2671,C1_SAVAGE_BABE,Swift Savage Babe
2672,C2_SAVAGE,Solid Savage
2673,C3_SAVAGE,Savage Ringleader
2674,C4_SAND_MAN,Furious Sandman
2675,C5_SALAMANDER,Elusive Salamander
2676,C1_SAILOR_SKELETON,Swift Sailor Skeleton
2677,C2_ROWEEN,Solid Roween
2678,C3_RODA_FROG,Roda Frog Ringleader
2679,C4_RODA_FROG,Furious Roda Frog
2680,C5_ROCKER,Elusive Rocker
2681,C1_RIDEWORD,Swift Rideword
2682,C2_RIDEWORD,Solid Rideword
2683,C3_RICE_CAKE_BOY,Dumpling Child Ringleade
2684,C4_RETRIBUTION,Furious Baroness of Retr
2685,C5_RETRIBUTION,Elusive Baroness of Retr
2686,C1_RETRIBUTION,Swift Baroness of Retrib
2687,C2_REQUIEM,Solid Requiem
2688,C3_REMOVAL,Remover Ringleader
2689,C5_RED_ERUMA,Elusive Red Eruma
2690,C1_RAYDRIC,Swift Raydric
2691,C2_RAYDRIC,Solid Raydric
2692,C3_RAWREL,Laurell Weinder Ringlead
2693,C4_RAKE_SCARABA,Furious Rake Scaraba
2694,C5_RAGGLER,Elusive Raggler
2695,C1_RAFFLESIA,Swift Rafflesia
2696,C3_PORING,Poring Ringleader
2697,C4_PORING,Furious Poring
2698,C5_PORING,Elusive Poring
2699,C1_PORING,Swift Poring
2700,C2_PORCELLIO,Solid Porcellio
2701,C3_POPORING,Poporing Ringleader
2702,C4_POPORING,Furious Poporing
2703,C5_POPORING,Elusive Poporing
2704,C1_POISON_TOAD,Swift Poison Toad
2705,C2_POISON_SPORE,Solid Poison Spore
2706,C3_PLASMA_Y,Plasma Ringleader
2707,C4_PLANKTON,Furious Plankton
2708,C5_PITMAN,Elusive Pitman
2709,C1_PIRANHA,Swift Piranha
2710,C2_PINGUICULA_D,Solid Dark Pinguicula
2711,C3_PINGUICULA,Pinguicula Ringleader
2712,C4_PICKY_,Furious Picky
2713,C5_PHEN,Elusive Phen
2714,C1_PETIT,Swift Petite
2715,C2_PETIT,Solid Petite
2716,C3_PENOMENA,Penomena Ringleader
2717,C4_PENOMENA,Furious Penomena
2718,C5_PECOPECO,Elusive Peco Peco
2719,C1_PASANA,Swift Pasana
2720,C2_PARASITE,Solid Parasite
2721,C3_OWL_DUKE,Owl Duke Ringleader
2722,C4_ORK_WARRIOR,Furious Orc Warrior
2723,C5_ORC_ZOMBIE,Elusive Orc Zombie
2724,C1_ORC_SKELETON,Swift Orc Skeleton
2725,C2_ORC_LADY,Solid Orc Lady
2726,C3_OBSERVATION,Dame of Sentinel Ringlea
2727,C4_NOXIOUS,Furious Noxious
2728,C5_NOVUS,Elusive Novus
2729,C1_NOVUS,Swift Novus
2730,C2_NOVUS,Solid Novus
2731,C3_NOVUS,Novus Ringleader
2732,C4_NIGHTMARE_TERROR,Furious Nightmare Terror
2733,C5_NG_WRAITH_DEAD,Elusive Wraith Dead (Nig
2734,C1_NG_WANDER_MAN,Furious Wanderer (Nightm
2735,C2_NEPENTHES,Solid Nephentes
2736,C3_NECROMANCER,Necromancer Ringleader
2737,C4_MYSTCASE,Furious Myst Case
2738,C5_MUSCIPULAR,Elusive Muscipular
2739,C1_MUMMY,Swift Mummy
2740,C2_MUMMY,Solid Mummy
2741,C3_MUKA,Muka Ringleader
2742,C4_MOROCC_1,Furious Incarnation of M
2743,C5_MOROCC_1,Elusive Incarnation of M
2744,C1_MOROCC_1,Swift Incarnation of Mor
2745,C2_MOLE,Solid Holden
2746,C3_MIYABI_NINGYO,Miyabi Doll Ringleader
2747,C4_MINOROUS,Furious Minorous
2748,C5_MINOROUS,Elusive Minorous
2749,C1_MINOROUS,Swift Minorous
2750,C2_MINERAL,Solid Mineral
2751,C3_MIMING,Miming Ringleader
2752,C4_MIMIC,Furious Mimic
2753,C5_MIMIC,Elusive Mimic
2754,C1_METALLER,Swift Metaller
2755,C2_METALING,Solid Metaling
2756,C3_METALING,Metaling Ringleader
2757,C4_MERMAN,Furious Merman
2758,C5_MENBLATT,Elusive Menblatt
2759,C1_MEDUSA,Swift Medusa
2760,C2_MARTIN,Solid Martin
2761,C3_MARIONETTE,Marionette Ringleader
2762,C4_MARIN,Furious Marin
2763,C5_MARDUK,Elusive Marduk
2764,C1_MANTIS,Swift Mantis
2765,C2_MANDRAGORA,Solid Mandragora
2766,C3_MANANANGGAL,Manananggal Ringleader
2767,C4_MAJORUROS,Furious Majoruros
2768,C5_MAGNOLIA,Elusive Magnolia
2769,C1_MAGMARING,Swift Magmaring
2770,C2_LUNATIC,Solid Lunatic
2771,C3_LUNATIC,Lunatic Ringleader
2772,C4_LUDE,Furious Lude
2773,C5_LUCIOLA_VESPA,Elusive Luciola Vespa
2774,C1_LOLI_RURI,Swift Loli Ruri
2775,C2_LIVE_PEACH_TREE,Solid Enchanted Peach Tr
2776,C3_LITTLE_PORING,Baby Poring Ringleader
2777,C4_LITTLE_FATUM,Furious Little Fatum
2778,C5_LI_ME_MANG_RYANG,Elusive Jing Guai
2779,C1_LES,Swift Les
2780,C2_LEIB_OLMAI,Solid Leib Olmai
2781,C3_LEAF_CAT,Leaf Cat Ringleader
2782,C4_L_WHIKEBAIN,Furious Wickebine Tres
2783,C5_L_EREMES,Elusive Eremes
2784,C1_KOBOLD_ARCHER,Swift Kobold Archer
2785,C2_KOBOLD_1,Solid Kobold
2786,C3_KNOCKER,Knocker Ringleader
2787,C4_KIND_OF_BEETLE,Furious Beetle King
2788,C5_KASA,Elusive Kasa
2789,C1_KARAKASA,Swift Karakasa
2790,C2_ISIS,Solid Isis
2791,C3_ISILLA,Isilla Ringleader
2792,C4_INJUSTICE,Furious Injustice
2793,C5_INCREASE_SOIL,Elusive Mi Gao
2794,C1_ICE_TITAN,Swift Ice Titan
2795,C2_IARA,Solid Iara
2796,C3_HYEGUN,Yao Jun Ringleader
2797,C4_HUNTER_FLY,Furious Hunter Fly
2798,C5_HORNET,Elusive Hornet
2799,C1_HORN_SCARABA,Swift Uni-horn Scaraba
2800,C2_HORN,Solid Horn
2801,C3_HODREMLIN,Hodremlin Ringleader
2802,C4_HODE,Furious Hode
2803,C5_HILL_WIND_1,Elusive Hill Wind
2804,C1_HILL_WIND_1,Swift Hill Wind
2805,C2_HIGH_ORC,Solid High Orc
2806,C3_HARPY,Harpy Ringleader
2807,C4_HARPY,Furious Harpy
2808,C5_GREEN_IGUANA,Elusive Grove
2809,C1_GREATEST_GENERAL,Swift Greatest General
2810,C2_GRAND_PECO,Solid Grand Peco
2811,C3_GRAND_PECO,Grand Peco Ringleader
2812,C4_GOLEM,Furious Golem
2813,C5_GOBLIN_1,Elusive Goblin
2814,C1_GOBLIN_1,Swift Goblin
2815,C2_GOAT,Solid Goat
2816,C3_GOAT,Goat Ringleader
2817,C4_GLD_KOBOLD_2,Furious Dark Hammer Kobo
2818,C5_GLD_KOBOLD_2,Elusive Dark Hammer Kobo
2819,C1_GLD_DARK_SHADOW,Swift Dark Shadow
2820,C2_GLD_DARK_SHADOW,Solid Dark Shadow
2821,C3_GIANT_HONET,Giant Hornet Ringleader
2822,C4_GHOUL,Furious Ghoul
2823,C5_GHOUL,Elusive Ghoul
2824,C1_GEOGRAPHER,Swift Geographer
2825,C2_GEOGRAPHER,Solid Geographer
2826,C3_GARGOYLE,Gargoyle Ringleader
2827,C4_GARGOYLE,Furious Gargoyle
2828,C5_GALION,Elusive Galion
2829,C1_FUR_SEAL,Swift Seal
2830,C2_FREEZER,Solid Freezer
2831,C3_FREEZER,Freezer Ringleader
2832,C4_FERUS_,Furious Ferus
2833,C5_FARMILIAR,Elusive Familiar
2834,C1_FAKE_ANGEL,Swift False Angel
2835,C2_FABRE,Solid Fabre
2836,C3_FABRE,Fabre Ringleader
2837,C4_EXPLOSION,Furious Explosion
2838,C5_EVIL_DRUID,Elusive Evil Druid
2839,C1_ELDER_WILOW,Swift Elder Willow
2840,C2_ELDER_WILOW,Solid Elder Willow
2841,C3_ECHIO,Echio Ringleader
2842,C4_DUSTINESS,Furious Dustiness
2843,C1_DRYAD,Swift Dryad
2844,C2_DROSERA,Solid Drosera
2845,C3_DROPS,Drops Ringleader
2846,C4_DRILLER,Furious Driller
2847,C5_DRAINLIAR,Elusive Drainliar
2848,C1_DRAGON_TAIL,Swift Dragon Tail
2849,C2_DRACO,Solid Draco
2850,C3_DOLOMEDES,Dolomedes Ringleader
2851,C4_DOKEBI,Furious Dokebi
2852,C5_DISGUISE,Elusive Disguise
2853,C1_DIMIK_1,Swift Dimik
2854,C2_DEVIRUCHI,Solid Deviruchi
2855,C3_DESERT_WOLF_B,Baby Desert Wolf Ringlea
2856,C4_DESERT_WOLF_B,Furious Baby Desert Wolf
2857,C5_DENIRO,Elusive Deniro
2858,C1_DEATHWORD,Swift Death Word
2859,C2_DEATHWORD,Solid Death Word
2860,C3_DEATHWORD,Death Word Ringleader
2861,C4_DARK_PRIEST,Furious Dark Priest
2862,C5_DANCING_DRAGON,Elusive Zhu Po Long
2863,C1_CREAMY,Swift Creamy
2864,C2_CORNUTUS,Solid Cornutus
2865,C3_COOKIE,Cookie Ringleader
2866,C4_CONSTANT,Furious Constant
2867,C5_COMODO,Elusive Comodo
2868,C1_COCO,Swift Coco
2869,C2_COCO,Solid Coco
2870,C3_CLOCK,Clock Ringleader
2871,C4_CLOCK,Furious Clock
2872,C5_CHONCHON,Elusive Chonchon
2873,C1_CENTIPEDE,Swift Centipede
2874,C2_CENERE,Solid Cenere
2875,C3_CELIA,Celia Ringleader
2876,C4_CATERPILLAR,Furious Caterpillar
2877,C5_CARAT,Elusive Carat
2878,C1_CARAMEL,Swift Caramel
2879,C2_BUNGISNGIS,Solid Bungisngis
2880,C3_BREEZE,Breeze Ringleader
2881,C4_BREEZE,Furious Breeze
2882,C5_BRADIUM_GOLEM,Elusive Bradium Golem
2883,C1_BLOOD_BUTTERFLY,Swift Bloody Butterfly
2884,C3_BIGFOOT,Bigfoot Ringleader
2885,C4_BATHORY,Furious Bathory
2886,C5_BANSHEE_MASTER,Elusive Banshee Master
2887,C1_BANSHEE,Swift Banshee
2888,C2_BANASPATY,Solid Banaspaty
2889,C3_ASSULTER,Assaulter Ringleader
2890,C4_ARGOS,Furious Argos
2891,C5_ARGIOPE,Elusive Argiope
2892,C1_ARGIOPE,Swift Argiope
2893,C2_ARCLOUSE,Solid Arclouze
2894,C3_ARCLOUSE,Arclouze Ringleader
2895,C4_APOCALIPS,Furious Apocalypse
2896,C5_ANTLER_SCARABA,Elusive Antler Scaraba
2897,C1_ANTIQUE_BOOK,Swift Antique Book
2898,C2_ANTIQUE_BOOK,Solid Antique Book
2899,C4_ANOLIAN,Furious Anolian
2900,C5_ANGRA_MANTIS,Elusive Angra Mantis
2901,C1_ANGRA_MANTIS,Swift Angra Mantis
2902,C2_ANDRE,Solid Andre
2903,C3_ANCIENT_MIMIC,Ancient Mimic Ringleader
2904,C4_ANACONDAQ,Furious Anacondaq
2905,C5_AMBERNITE,Elusive Ambernite
2906,C1_ALNOLDI,Swift Rafflesia Arnoldi
2907,C2_ALLIGATOR,Solid Alligator
2908,C3_ALIZA,Aliza Ringleader
2909,C4_ALICEL,Furious Alicel
2910,C5_ALARM,Elusive Alarm
2911,C1_AGAV,Swift Agav
2912,C2_ACIDUS_,Solid Acidus
2913,C3_ACIDUS_,Acidus Ringleader
2914,E_GEFFEN_MAGE_3_1,Geffen Shoplifter
2916,BIG_BEN,Big Ben
2917,BIG_BELL,Big Bell
2918,TIME_KEEPER,Time Keeper
2919,NEO_PUNK,Neo Punk
2920,ARC_ELDER,Arc Elder
2921,OWL_VISCOUNT,Owl Viscount
2922,G_OWL_VISCOUNT,Owl Viscount
2923,OWL_MARQUEES,Owl Marquis
2924,T_ELDER_WILOW,Elder Willow
2925,T_WILOW,Willow
2926,T_HARPY,Harpy
2927,T_MINERAL,Mineral
2928,T_GIBBET,Gibbet
2929,T_PLASMA_G,Plasma
2930,T_SOLACE,Solace
2931,T_METALING,Metaling
2932,T_POPORING,Poporing
2933,T_DEVILING,Deviling
2934,T_ARCHANGELING,Arc Angeling
2935,T_EVIL_CLOUD_HERMIT,Taoist Hermit
2936,E_GHOSTRING,Ghostring
2937,M_LOKI,M Loki
2938,MM_MAGIC_SEAL,Magic Seal
2939,MM_EVIL_SHADOW1,Evil Shadow
2940,MM_EVIL_SHADOW2,Evil Shadow
2941,MM_EVIL_SHADOW3,Evil Shadow
2942,MM_EVIL_FANATICS,Evil Fanatics
2943,MM_ICE_MINE,Icemine
2948,CURSED_SOLDIER,Cursed Soldier
2949,CURSED_SENTINEL,Cursed Sentinel
2950,BROKEN_MIND,Broken Mind
2951,FLOATING_WORD,Floating Word
2952,LIKE_LOVE,Like Love
2953,CURSED_MEMORY,Cursed Memory
2954,COLORLESS_VOW,Colorless Vow
2955,OLD_FRIENDSHIP,Old Friendship
2956,SWEET_SLAUGHTER,Sweet Slaughter
2957,FORGOTTEN_NAME,Forgotten Name
2958,FATAL_DAYS,Fatal Days
2959,TORTUROUS_REDEEMER,Torturous Redeemer
2960,MM_FLAMECROSS,Flamecross
2961,E_TORTUROUS_REDEEMER,Torturous Redeemer
2987,XM_TREE,Decorated Evil Tree
2988,XM_ANTONIO,Wicked Vice Plant Manage
2989,XM_COOKIE,Vicious Cookie
2990,XM_CRUISER,Corrupt Cruiser
2991,XM_MYSTCASE,Evil Dwelling Box
2992,XM_LUDE,Creepy Demon
2993,XM_HYLOZOIST,Malicious Baby Ghost
2994,XM_MARIONETTE,Dancing Marionette
2995,XM_TEDDY_BEAR,Abandoned Teddy Bear
2996,XM_CELINE_KIMI,Celine Kimi
2997,G_XM_CELINE_KIMI,Kimi's Phantom
2998,EP14_MORS_EVENT,Weakened Morocc
2999,EP14_MORS_BOSSA,Morocc Necromancer
3000,EP14_MORS_BOSSB,Morocc Necromancer
3001,EP14_MORS_MOB1,Morocc's Ghoul
3002,EP14_MORS_MOB2,Morocc's Osiris
3003,EP14_MORS_MOB3,Morocc's Archer Skeleton
3004,EP14_MORS_MOB4,Morocc's Wraith
3005,EP14_MORS_MOB5,Morocc's Verit
3006,EP14_MORS_MOB6,Morocc's Lude
3007,EP14_MORS_DUMMY,Death Soul
3008,EP14_MORS_HIDDEN,Morocc Hidden
3010,EP14_3_DEATH_A_MOB1,Corrupt Orc Baby
3011,EP14_3_DEATH_A_MOB2,Corrupt Baby Desert Wol
3012,EP14_3_DEATH_A_MOB3,Corrupt Familiar
3013,EP14_3_DEATH_B_MOB1,Corrupt Orc Warrior
3014,EP14_3_DEATH_B_MOB2,Corrupt Desert Wolf
3015,EP14_3_DEATH_B_MOB3,Corrupt Phen
3016,EP14_3_DEATH_C_MOB1,Corrupt Orc Zombie
3017,EP14_3_DEATH_C_MOB2,Corrupt Verit
3018,EP14_3_DEATH_C_MOB3,Corrupt Megalodon
3020,FIRE_CONDOR,Fire Condor
3021,FIRE_SAND_MAN,Fire Sandman
3022,FIRE_FRILLDORA,Fire Frilldora
3023,FIRE_GOLEM,Fire Golem
3026,FIREPIT,Fire Pit
3027,FULBUK,Fire Bug
3028,SONIA,Sonia
3029,GRIM_REAPER_ANKOU,Reaper Yanku
3038,HIDDEN_MOB7,Monster 7
3039,B_MOROCC_1,Blazing Morocc Reincarna
3040,B_MOROCC_2,Distorted Morocc Reincar
3041,B_MOROCC_4,Freezing Morocc Reincarn
3061,E_ANGRY_MIMIC,Angry Mimic
3069,PERE1,Ferre
3070,PERE2,Ferre
3071,PERE3,Ferre
3072,PERE4,Ferre
3073,GRAND_PERE,Awakened Ferre
3074,TIMEHOLDER,Time Holder
3075,WA_TREASURE,Treasure
3076,WA_MONSTER_1,Go!
3077,WA_MONSTER_2,Go!
3078,WA_MONSTER_3,Go!
3079,WA_MONSTER_4,Go!
3080,WA_MONSTER_5,Go!
3081,WA_MONSTER_6,Go!
3082,WA_MONSTER_7,Go!
3083,WA_MONSTER_8,Go!
3084,WA_MONSTER_9,Go!
3085,WA_MONSTER_10,Go!
3086,WA_MERCENARY,Mercenary
3087,M_NYDHOG,Guardian's Alter Ego
3088,MM_BRINARANEA_BABY,Frost Spider
3089,MM_LOCO_KASA,Frenzied Kasa
3090,MM_LOCO_SALAMANDER,Mad Salamander
3091,MM_BRINARANEA,Brinaranea
3092,MM_MUSPELLSKOLL,Muspellskoll
3096,MM_MOROCC_KID,Demigod
3097,MM_MOROCC_ADT,Despair God Morroc
3098,MM_MOROCC_ORIGIN,Morroc of the Genesis
3099,MM_MOROCC_REST,Morroc of the Sabbath
3101,MM_MANA_WHITE,Mana of White
3102,MM_MANA_RED,Mana of Life
3103,MM_MANA_YELLOW,Mana of Earth
3105,MM_GB_MOROCC_1,Demon God's Apostle Aha
3106,MM_GB_MOROCC_4,Demon God's Apostle Shn
3108,JITTERBUG1,Jitterbug1
3109,JITTERBUG2,Jitterbug2
3122,CHARLESTON1,Charleston 1
3123,CHARLESTON2,Charleston 2
3124,CHARLESTON3,Charleston 3
3125,STEP,Step
3126,ROCK_STEP,Lockstep
3127,KICK_STEP,Hallway 1 Security Devi
3128,KICK_AND_KICK,Security Robot
3153,EXCAVATOR_ROBOT,Excavator Robot
3154,RECON_ROBOT,Recon Robot
3155,REPAIR_ROBOT,Repair Robot
3156,EXPLORATION_ROVER,Exploration Rover
3157,RUIN_BELIEVER1,Ruin Grace Believer
3158,RUIN_BELIEVER2,Ruin Grace Believer
3159,ILLEGAL_PROMOTION,Illegal Promotion
3161,BOMB,Bomb
3169,J_REB_SHECIL1,Shooting Target
3170,J_REB_SHECIL2,Shooting Target
3175,E1_ROTAR_ZAIRO,Rotar Zairo
3176,E1_GREMLIN,Gremlin
3177,E1_BEHOLDER,Beholder
3178,E1_ACIDUS,Acidus
3179,E1_ACIDUS_,Acidus
3180,E1_G_S_NYDHOG,Wywern
3181,E1_FELOCK,Captain Ferlock
3190,MM_SARAH,Sarah Irene
3191,MM_M_GIGAN1,Gigantes
3192,MM_M_GIGAN2,Gigantes
3193,MM_M_GIGAN3,Ancient Medium Gigantes
3194,MM_L_GIGAN1,Large Gigantes
3195,MM_L_GIGAN2,Large Gigantes
3196,MM_L_GIGAN3,Ancient Gigantes
3197,MM_M_GARGOYLE,Mutant Gargoyle
3198,MM_M_GALION,Mutant Galion
3199,MM_M_MUTANT_DRAGON,Wicked Mutant Dragon
3200,MM_M_CHIMERA,Wicked Chimera
3202,ORGANIC_JAKK,Organic Pumpkin
3203,INORGANIC_JAKK,Inorganic Pumpkin
3208,V_EREMES,Eremes Guille
3209,V_MAGALETA,Margaretha Sorin
3210,V_KATRINN,Kathryne Cheiron
3211,V_SHECIL,Shecil Damon
3212,V_HARWORD,Harword Alt-Eisen
3213,V_SEYREN,Seyren Windsor
3214,V_G_EREMES,Guillotine Cross Eremes
3215,V_G_MAGALETA,Arch Bishop Margaretha
3216,V_G_KATRINN,Warlock Kathryne
3217,V_G_SHECIL,Ranger Cecil
3218,V_G_HARWORD,Mechanic Howard
3219,V_G_SEYREN,Rune Knight Seyren
3220,V_B_EREMES,Guillotine Cross Eremes
3221,V_B_MAGALETA,Arch Bishop Margaretha
3222,V_B_SHECIL,Ranger Cecil
3223,V_B_HARWORD,Mechanic Howard
3224,V_B_KATRINN,Warlock Kathryne
3225,V_B_SEYREN,Rune Knight Seyren
3226,V_RANDEL,Randel Lawrence
3227,V_FLAMEL,Flamel Emule
3228,V_CELIA,Celia Alde
3229,V_CHEN,Chen Liu
3230,V_GERTIE,Gertie Wie
3231,V_ALPHOCCIO,Alphoccio Basil
3232,V_TRENTINI,Trentini
3233,V_G_RANDEL,Royal Guard Randel
3234,V_G_FLAMEL,Genetic Flamel
3235,V_G_CELIA,Sorcerer Celia
3236,V_G_CHEN,Sura Chen
3237,V_G_GERTIE,Shadow Chaser Gertie
3238,V_G_ALPHOCCIO,Minstrel Alphoccio
3239,V_G_TRENTINI,Wanderer Trentini
3240,V_B_RANDEL,Royal Guard Randel
3241,V_B_FLAMEL,Genetic Flamel
3242,V_B_CELIA,Sorcerer Celia
3243,V_B_CHEN,Sura Chen
3244,V_B_GERTIE,Shadow Chaser Gertie
3245,V_B_ALPHOCCIO,Minstrel Alphoccio
3246,V_B_TRENTINI,Wanderer Trentini
3247,CENERE_G,Green Cenere
3248,REPAIR_ROBOT_T,Repair Robot Turbo
3249,EXPLORATION_ROVER_T,Explorer Robot Turbo
3250,SCR_MT_ROBOTS,Can Robot
3251,GC109,Machine Component
3252,DR815,Machine Component
3253,SYS_MSG,System message
3254,T_W_O,T_W_O
3255,GHOUL_H,Smelly Ghoul
3256,ZOMBIE_H,Smelly Zombie
3384,MIN_PORING,Poring
3385,MIN_LUNATIC,Lunatic
3386,MIN_FABRE,Fabre
3387,MIN_PICKY,Picky
3388,MIN_CONDOR,Condor
3389,MIN_WILOW,Willow
3390,MIN_SPORE,Spore
3391,MIN_POPORING,Poporing
3392,MIN_SMOKIE,Smokie
3393,MIN_DOKEBI,Dokebi
3394,MIN_BIGFOOT,Bigfoot
3395,MIN_WORM_TAIL,Wormtail
3396,MIN_WOLF,Wolf
3397,MIN_SNAKE,Boa
3398,MIN_ANACONDAQ,Anacondaq
3399,MIN_MARIN,Marin
3400,MIN_MUKA,Muka
3401,MIN_PECOPECO,Peco Peco
3402,MIN_DENIRO,Deniro
3403,MIN_PIERE,Piere
3404,MIN_ANDRE,Andre
3405,MIN_GOLEM,Golem
3406,MIN_SCORPION,Scorpion
3407,MIN_CHONCHON,Chonchon
3408,MIN_METALLER,Metaller
3409,MIN_SAND_MAN,Sandman
3410,MIN_RAGGLER,Raggler
3411,MIN_DRAGON_TAIL,Dragon Tail
3412,MIN_GREEN_IGUANA,Grove
3413,MIN_SEE_OTTER,Sea Otter
3414,MIN_GALAPAGO,Galapago
3415,MIN_FUR_SEAL,Seal
3416,MIN_ALLIGATOR,Alligator
3417,MIN_MEGALODON,Megalodon
3418,MIN_TRI_JOINT,Tri Joint
3419,MIN_MEGALITH,Megalith
3420,MIN_DRYAD,Dryad
3421,MIN_TOAD,Infinite Toad
3422,MIN_VAGABOND_WOLF,Infinite Vagabond Wolf
3423,MIN_VOCAL,Infinite Vocal
3424,MIN_ECLIPSE,Infinite Eclipse
3425,MIN_CHIMERA,Infinite Chimera
3426,MIN_EDDGA,Infinite Eddga
3427,MIN_OSIRIS,Infinite Osiris
3428,MIN_PHREEONI,Infinite Phreeoni
3429,MIN_ORK_HERO,Infinite Orc Hero
3430,MIN_TAO_GUNKA,Infinite Tao Gunka
3431,MIN_G_RODA_FROG,Roda Frog
3432,MIN_G_WOLF,Wolf
3433,MIN_G_ROCKER,Rocker
3434,MIN_G_LUNATIC,Lunatic
3435,MIN_G_GARGOYLE,Gargoyle
3436,MIN_G_BIGFOOT,Bigfoot
3437,MIN_G_ANCIENT_MUMMY,Ancient Mummy
3438,MIN_G_SAND_MAN,Sandman
3439,MIN_G_HIGH_ORC,High Orc
3440,MIN_G_MEGALITH,Megalith
3442,FROZENWOLF,Frozen Wolf
3443,TAFFY,Taffy
3444,WATCHER,Watcher
3445,P_ARCHER_SKELETON,Enchanted Archer Skelet
3446,P_SKELETON,Enchanted Skeleton
3447,P_SOLDIER_SKELETON,Enchanted Soldier Skele
3448,P_AMDARAIS,Renovated Amdarais
3449,G_P_AMDARAIS,Enhanced Amdarais
3450,BIJOU,Bijou
3451,IMMOTAL_CORPS,Immotal Corps
3452,ZOMBIE_GUARD,Zombie Guard
3454,HEART_HUNTER_N,Suspicious Intruder
3455,GLASS_PLATE,Plate
3473,AS_RAGGED_GOLEM,Stefan.J.E.Wolf
3474,AS_BLOODY_KNIGHT,Immortal Cursed Knight
3475,AS_WIND_GHOST,Immortal Wind Ghost
3476,AS_ZOMBIE,Immortal Zombie Soldier
3477,AS_IMMORTAL_CORPS,Immortal Fortress Legio
3478,AS_ZOMBIE_SLAUGHTER,Sky Fortress Key Keeper
3479,AS_ZOMBIE_MASTER,Immortal Zombie Assault
3480,AS_CURSED_SOLDIER,Immortal Cursed Zombie
3481,AS_EVIL_SHADOW1,Immortal Nightmare Shado
3482,AS_EVIL_SHADOW2,Immortal Angry Shadow
3483,AS_EVIL_SHADOW3,Immortal Death Shadow
3484,AS_D_RAGGED_GOLEM,Stefan.J.E.Wolf
3485,AS_D_CURSED_SOLDIER,Cursed Soldier of Bijou
3487,IMMORTAL_CORPS1,Butcher Soldier
3488,IMMORTAL_CORPS2,Scythe Soldier
3489,IMMORTAL_CORPS3,Bone Crash Soldier
3490,IMMORTAL_CO_CMDER,Immortal Commander
3494,IFN_POIRING,Shining Poring
3495,DR_EGGRING,Eggring
3496,DR_LUNATIC,Leaf Lunatic
3497,DR_FABRE,Grass Fabre
3498,DR_HORNET,Wild Hornet
3499,DR_RODA_FROG,Sweet Roda Frog
3500,DR_DESERT_WOLF_B,Hunter Desert Wolf
3501,DR_SPORE,Trans Spore
3502,DR_BASILISK1,Scout Basilisk
3503,DR_BASILISK2,Combat Basilisk
3504,DR_BASILISK3,Combat Basilisk
3505,DR_BIG_EGGRING,Big Eggring
3506,DR_MANDRAGORA,Jungle Madragora
3507,DR_POM_SPIDER,Fruits Pom Spider
3508,DR_EGGRING_G,Eggring
3510,POPE_MD_E_GUARD,Temple Guard
3511,POPE_MD_E_BELIEVER_1,Enraged Devotee
3512,POPE_MD_E_BELIEVER_2,Enraged Devotee
3513,POPE_MD_E_DOG,Enraged Dog
3514,POPE_MD_E_BISHOP,Enraged High Priest
3515,POPE_MD_E_ICICLE,Frozen Heart
3516,POPE_MD_E_LUWMIN,Enraged Luwmin
3517,POPE_MD_E_TITAN,Ice Titan
3518,POPE_MD_H_GUARD,Temple Guard
3519,POPE_MD_H_BELIEVER_1,Enraged Devotee
3520,POPE_MD_H_BELIEVER_2,Enraged Devotee
3521,POPE_MD_H_DOG,Enraged Dog
3522,POPE_MD_H_BISHOP,Enraged High Priest
3523,POPE_MD_H_ICICLE,Frozen Heart
3524,POPE_MD_H_LUWMIN,Enraged Luwmin
3525,POPE_MD_H_TITAN,Ice Titan
3526,POPE_MD_H_KTULLANUX,Vision of Ktullanux
3527,POPE_MD_MERC_NORMAL,Official Pope
3528,POPE_MD_MERC_CASUAL,Casual Pope
3569,POPE_MD_H_MERC_NORMAL,Casual Pope
3570,POPE_MD_H_MERC_CASUAL,Official Pope
3621,EP16_2_MM_CUTIE,Pet Child
3622,EP16_2_MM_S_GUARDS,Special Guard
3623,EP16_2_MM_U_ENERGY_R,Plasma R
3624,EP16_2_MM_U_ENERGY_G,Plasma G
3625,EP16_2_MM_U_ENERGY_B,Plasma B
3626,EP16_2_H_HUNTER_V,Upgraded Heart Hunter
3627,EP16_2_H_HUNTER_MD,Heart Hunter Guard
3628,EP16_2_H_HUNTER_EV,Heart Hunter Ebel
3629,EP16_2_BROKEN_GUN,Grudge of Broken Gun
3630,EP16_2_E_BOLKOBA,Elena Bolkova
3631,EP16_2_HUMAN_KIMERA,Human Kimera
3632,EP16_2_MATTER_KIMERA,Material Kimera
3633,EP16_2_VENOM_KIMERA,Venomous Chimera
3636,LITTLE_ISIS,Little Isis
3637,MD_SKELETON_60,Skeleton
3638,MD_SKELETON_80,Skeleton
3639,MD_SKELETON_100,Skeleton
3640,MD_SKELETON_120,Skeleton
3641,MD_SKELETON_140,Skeleton
3642,MD_SKELETON_160,Skeleton
3643,MD_FARMILIAR_60,Familiar
3644,MD_FARMILIAR_80,Familiar
3645,MD_FARMILIAR_100,Familiar
3646,MD_FARMILIAR_120,Familiar
3647,MD_FARMILIAR_140,Familiar
3648,MD_FARMILIAR_160,Familiar
3649,MD_ZOMBIE_60,Zombie
3650,MD_ZOMBIE_80,Zombie
3651,MD_ZOMBIE_100,Zombie
3652,MD_ZOMBIE_120,Zombie
3653,MD_ZOMBIE_140,Zombie
3654,MD_ZOMBIE_160,Zombie
3658,MD_LICH_LORD_100,Lich Lord
3659,MD_LICH_LORD_160,Lich Lord
3660,MD_NIGHTMARE_100,Nightmare
3661,MD_NIGHTMARE_160,Nightmare
3662,MD_JAKK_100,Jakk
3663,MD_JAKK_160,Jakk
3664,MD_GHOUL_100,Ghoul
3665,MD_GHOUL_160,Ghoul
3666,MD_DRAINLIAR_100,Drainliar
3667,MD_DRAINLIAR_160,Drainliar
3669,DIABOLIC2,Diabolic2
3670,DELETER_2,Deleter 2
3736,COWRAIDERS1,Buffalo Bandit Sharpsho
3737,COWRAIDERS2,Buffalo Bandit Duelist
3738,COWRAIDERS3,Bowie Buffalo Bandit
3739,COYOTE,Coyote
3740,GASTER,Gaster
3741,MECHASPIDER,Spider Chariot
3742,PURPLESTONE,Purple Ore
3743,SEAANEMONE,Sea Anemone
3744,G_COWRAIDERS1,Buffalo Bandit
3745,G_COWRAIDERS2,Buffalo Bandit
3746,G_COWRAIDERS3,Buffalo Bandit
3747,E_COWRAIDERS1,Elite Buffalo Bandit
3748,E_COWRAIDERS2,Elite Buffalo Bandit
3749,E_COWRAIDERS3,Elite Buffalo Bandit
3750,ILL_DRAINLIAR,Matt Drainliar
3751,ILL_ZOMBIE_C,Living Dead
3752,ILL_ZOMBIE,Starving Living Dead
3753,ILL_GHOUL,Living Dead
3754,ILL_NIGHTMARE,Sweet Nightmare
3755,ILL_BLACK_MUSHROOM,Black Mushroom
3756,ILL_BOMI,Bomi
3757,ILL_DRACULA,Dracula of Rage
3758,ILL_MOONLIGHT,Angry Moonlight Flower
3759,ILL_NINE_TAIL,Angry Nine Tail
3760,ILL_MUNAK,Resentful Munak
3761,ILL_BON_GUN,Resentful Bongun
3762,ILL_SOHEE,Resentful Sohee
3763,ILL_ARCHER_SKELETON,Resentful Soldier
3764,ILL_HIGHWIZARD,Wizard of the Truth
3765,ILL_FURY_HERO,Deranged Adventurer
3787,RR_ARCLOUSE,Swamp Arclouze
3788,RR_CRAMP,Brown Rat
3790,SWEETS_DROPS,Sweets Drops
3792,ILL_GAZETI,Angry Gazeti
3793,ILL_SNOWIER,Angry Snowier
3794,ILL_ICE_TITAN,Angry Ice Titan
3795,ILL_ICEICLE,Solid Icicle
3796,ILL_KTULLANUX,Awakened Ktullanux
3797,ILL_FROZEN_KN,ILL_FROZEN_KN
3798,ILL_FROZEN_GC,ILL_FROZEN_GC
3799,ILL_ASSULTER,Ominous Assulter
3800,ILL_PERMETER,Ominous Permeter
3801,ILL_FREEZER,Ominous Freezer
3802,ILL_SOLIDER,Ominous Solider
3803,ILL_HEATER,Ominous Heater
3804,ILL_TURTLE_GENERAL,Ominous Turtle General
3810,MD_KING_PORING,King Poring
3811,MD_GOLDRING,Hugh Goldling
3812,MD_AMERING,Huge Amering
3813,MD_DROPS,Enriched Drops
3814,MD_POPORING,Enriched Poporing
3815,MD_PORING,Enriched Poring
3816,MD_MARIN,Enriched Marin
3896,G_ILL_ASSULTER,Ominous Assaulter
20255,ILL_TEDDY_BEAR_R,Red Teddy Bear
20256,ILL_TEDDY_BEAR_Y,Yellow Teddy Bear
20257,ILL_TEDDY_BEAR_G,Green Teddy Bear
20258,ILL_TEDDY_BEAR_W,White Teddy Bear
20259,ILL_TEDDY_BEAR_B,Blue Teddy Bear
20260,ILL_TEDDY_BEAR_S,Shining Teddy Bear
20261,ILL_PITMAN,Hardworking Pitman
20262,ILL_MINERAL,Soul Fragment
20263,ILL_OBSIDIAN,Sinister Obsidian
20264,G_ILL_TEDDY_BEAR_R,Red Teddy Bear
20265,G_ILL_TEDDY_BEAR_Y,Yellow Teddy Bear
20266,G_ILL_TEDDY_BEAR_G,Green Teddy Bear
20267,G_ILL_TEDDY_BEAR_W,White Teddy Bear
20268,G_ILL_TEDDY_BEAR_B,Blue Teddy Bear
20269,GUILD_SKILL_FLAG,Guild Skill Flag
20270,ILL_TRI_JOINT,Ancient Tri Joint
20271,ILL_STALACTIC_GOLEM,Ancient Stalactic Golem
20272,ILL_MEGALITH,Ancient Megalith
20273,ILL_TAO_GUNKA,Ancient Tao Gunka
20274,ILL_STONE_SHOOTER,Ancient Stone Shooter
20275,ILL_WOOTAN_SHOOTER,Ancient Wootan Shooter
20276,ILL_WOOTAN_FIGHTER,Ancient Wootan Fighter
20277,ILL_WOOTAN_DEFENDER,Ancient Wootan Defender
20278,G_ILL_MEGALITH,Ancient Megalith
20279,G_ILL_WOOTAN_SHOOTER,Ancient Wootan Shooter
20280,G_ILL_WOOTAN_FIGHTER,Ancient Wootan Fighter
20340,MD_EL_A17T,EL1-A17T
20341,MD_E_EA1L,E-EA1L
20342,MD_E_EA2S,E-EA2S
20343,MD_E_13EN0,E-13EN0
20344,MD_VENOM_BUG,Chemical Poison
20345,MD_CONSTANT,Bio Battery
20346,MD_MIGUEL,Miguel
20347,MD_MIGUEL_G,Miguel G.
20348,MD_A013_CAPUT,A013 - Caput
20349,MD_A013_DOLOR,A013 - Dolor
20350,MD_A013_BELLARE,A013 - Bellare
20351,MD_MANHOLE2,Manhole
20352,MD_POMPOM,Fatal Pompom
20353,MD_CROB,Sorrow Crob
20355,EP17_1_BELLARE1,Heart Hunter Bellare
20356,EP17_1_BELLARE2,High Hunter Bellare
20357,EP17_1_SANARE1,Heart Hunter Sanare
20358,EP17_1_SANARE2,High Hunter Sanare
20359,EP17_1_PLAGA1,Plaga
20360,EP17_1_PLAGA2,Mutant Plaga
20361,EP17_1_DOLOR1,Dolor
20362,EP17_1_DOLOR2,Mutant Dolor
20363,EP17_1_VENENUM1,Venenum
20364,EP17_1_VENENUM2,Mutant Venenum
20365,EP17_1_TWIN_CAPUT1,Twin Caput
20366,EP17_1_TWIN_CAPUT2,Mutant Twin Caput
20367,RAYDRIC_H,Contaminated Raydric
20368,RAYDRIC_ARCHER_H,Contaminated Raydric Ar
20369,GARGOYLE_H,Frozen Gargoyle
20370,STING_H,Contaminated Sting
20371,RAGGED_ZOMBIE_H,Prison Breaker
20372,BLAZZER_H,Rigid Blazer
20373,NIGHTMARE_TERROR_H,Rigid Nightmare Terror
20374,DELETER1_H,Rigid Sky Deleter
20375,DELETER2_H,Rigid Earth Deleter
20376,EXPLOSION_H,Rigid Explosion
20377,KAHO_H,Rigid Kaho
20378,LAVA_GOLEM_H,Rigid Lava Golem
20379,ICE_GHOST_H,Ice Ghost
20380,FLAME_GHOST_H,Flame Ghost
20381,EP17_1_R4885_BESTIA,R48-85-Bestia
20382,G_TWIN_CAPUT2,Twin Capute
20419,MUSPELLSKOLL_H,Rigid Muspellskoll
20420,WANDER_MAN_H,Corrupted Wanderer
20421,BRINARANEA_H,Corrupted Spider Queen
20422,DARK_LORD_H,Corrupted Dark Lord
20543,MD_ED_M_SCIENCE,MD_ED_M_SCIENCE
20560,G_MINERAL_G,Green Mineral
20592,POISONOUS,Poisonous
20593,TOXIOUS,Toxious
20594,MINERAL_G,Green Mineral
20595,MINERAL_R,Red Mineral
20596,MINERAL_W,White Mineral
20597,MINERAL_P,Purple Mineral
20598,JEWELIANT,Jewelry Ant
20599,G_JEWELIANT,Jewelry Ant
20600,JEWEL,Jewel
20601,JUNGOLIANT,Jewel Ungoliant
20602,PORCELLIO_W,White Porcellio
20603,ABYSSMAN,Abyssman
20620,MD_REDPEPPER,Red Pepper
20621,MD_REDPEPPER_H,Senior Red Pepper
20622,MD_ASSISTANT,Assistant Bot
20623,MD_ASSISTANT_H,Senior Assistant Bot
20624,MD_DRY_RAFFLESIA,Dry Rafflesia
20625,MD_DRY_RAFFLESIA_H,Senior Dry Rafflesia
20626,MD_ALNOLDI_EX,Special Alnoldi
20627,MD_ALNOLDI_EX_H,Senior Special Alnoldi
20628,EP17_2_ALPHA_MASTER,Manager Alpha
20629,EP17_2_BETA_BASIC,Manager Beta
20630,EP17_2_BETA_BASIC_NG,Broken Beta
20631,MD_BETA_SCISSORE_NG,Broken Gardener Beta
20632,MD_BETA_SCISSORE_NG_H,S. Broken Gardener Beta
20633,EP17_2_BETA_CLEANER_A,Broken Cleaner
20634,EP17_2_BETA_CLEANER_B,Broken Cleaner
20635,EP17_2_BETA_BATHS_A,Cleaning Robot
20636,EP17_2_BETA_BATHS_B,Cleaning Robot
20637,EP17_2_BETA_ITEMKEEPER,Broken Warehouse Manager
20638,EP17_2_BETA_GUARDS,Beta Guards
20639,EP17_2_BETA_GUARDS_NG,Broken Beta Guards
20640,EP17_2_OMEGA_CLEANER,Cleaning Robot 
20641,EP17_2_OMEGA_CLEANER_NG,Broken Cleaning Robot 
20642,MD_SWEETY,Sweety
20643,EP17_2_PHEN,Boiled Water Phen
20644,EP17_2_MARC,Boiled Water Marc
20645,EP17_2_SWORD_FISH,Boiled Water Swordfish
20646,EP17_2_PIRANHA,Boiled Water Piranha
20647,EP17_2_BATH_MERMAID,Elder of Chung-Geum
20648,EP17_2_PITAYA_BOSS,Boss Meow
20649,EP17_2_PITAYA_R,Red Pitaya
20650,EP17_2_PITAYA_Y,Yellow Pitaya
20651,EP17_2_PITAYA_B,Blue Pitaya
20652,EP17_2_PITAYA_V,Violet Pitaya
20653,EP17_2_PITAYA_G,Green Pitaya
20654,G_PITAYA_R,Red Pitaya
20655,G_PITAYA_Y,Yellow Pitaya
20656,G_PITAYA_B,Blue Pitaya
20657,G_PITAYA_V,Violet Pitaya
20658,G_PITAYA_G,Green Pitaya
20659,MD_PITAYA_BOSS,Pitaya Boss
20660,MD_PITAYA_R,Red Pitaya
20661,MD_PITAYA_Y,Yellow Pitaya
20662,MD_PITAYA_B,Blue Pitaya
20663,MD_PITAYA_V,Violet Pitaya
20664,MD_PITAYA_G,Green Pitaya
20665,MD_VERPORTA,Verporta
20666,MD_VERPORTE_H,Verporte
20667,MD_SILVA_PAPILIA,Silva Papilia
20668,MD_GRAN_PAPILIA,Gran Papilia
20669,MD_PAPILA,Papila
20670,MD_PAPILA_H,Senior Papila
20671,MD_PAPILA_RUBA,Papila Ruba
20672,MD_PAPILA_RUBA_H,Senior Papila Ruba
20673,MD_PAPILA_RUBA2,Papila Ruba
20674,MD_PAPILA_CAE,Papila Cae
20675,MD_PAPILA_CAE_H,Senior Papila Cae
20676,MD_PAPILA_CAE2,Papila Cae
20677,MD_ARIES,Aries
20678,MD_ARIES_H,Senior Aries
20679,EP17_2_GUARDIAN_PARTS,Guardian Parts
20680,EP17_2_HEART_HUNTER,Heart Hunter Skirmisher
20681,G_EP17_2_HEART_HUNTER,Heart Hunter Skirmisher
20682,EP17_2_HEART_HUNTER_H,Heart Hunter Skirmisher
20683,EP17_2_BOOKWORM,Bookworm
20684,EP17_2_ROAMING_SPLBOOK,Roaming Spellbook
20685,EP17_2_VENENUM3,Sewage Venenum
20686,EP17_2_CRAMP,Sewage Cramp
20687,EP17_2_WATERFALL,Sewage Waterfall
20688,EP17_2_BELLARE3,Elite Bellare
20689,EP17_2_DOLOR3,Spell Addicted Dolor
20690,EP17_2_PLASMA_Y,Released Spell
20691,EP17_2_PLAGA3,Spell Addicted Plaga
20692,EP17_2_SANARE3,Spell Addicted Sanare
20693,EP17_2_PLASMA_R,Powerful Spell
20694,EP17_2_PLASMA_R2,Sharp Spell
20696,EP17_2_CHILD_ADMIN1,Child Admin Beta
20697,EP17_2_CHILD_ADMIN2,Child Admin Alpha
20698,G_ASSISTANT,Assistant
20699,G_BELLARE3,Heart Hunter Commander
20700,G_BETA_SCISSORE_NG,Broken Gardener Beta
20801,ILL_SROPHO,Deep Sea Sropho
20802,ILL_OBEAUNE,Deep Sea Obeaune
20803,ILL_DEVIACE,Deep Sea Deviace
20804,ILL_MARSE,Deep Sea Marse
20805,ILL_MERMAN,Deep Sea Merman
20806,ILL_SEDORA,Deep Sea Sedora
20807,ILL_SWORD_FISH,Deep Sea Swordfish
20808,ILL_STROUF,Deep Sea Strouf
20809,ILL_PHEN,Deep Sea Phen
20810,ILL_KING_DRAMOH,Deep Sea King Dramoh
20811,ILL_KRAKEN,Deep Sea Kraken
20834,ABR_BATTLE_WARIOR,ABR Battle Warrior
20835,ABR_DUAL_CANNON,ABR Duel Cannon
20836,ABR_MOTHER_NET,ABR Mother Net
20837,ABR_INFINITY,ABR Infinity
20843,ILL_ABYSMAL_WITCH,Deep Sea Witch
20846,MD_HIDDEN_GROUND01,Plague of Corruption
20847,MD_HIDDEN_GROUND02,Plague of Corruption
20848,SUMMON_WOODENWARRIOR,Wooden Warrior
20849,SUMMON_WOODEN_FAIRY,Wooden Fairy
20850,SUMMON_CREEPER,Creeper
20851,SUMMON_HELLTREE,Hell Tree
20920,CHIMERA_LAVA,Lavaeter
20921,CHIMERA_FULGOR,Fulgor
20922,CHIMERA_NAPEO,Napeo
20923,CHIMERA_GALENSIS,Galensis
20924,CHIMERA_AMITERA,Amitera
20925,CHIMERA_LITUS,Litus
20926,CHIMERA_FILLIA,Fillia
20927,CHIMERA_VANILAQUS,Vanilaqus
20928,CHIMERA_THEONE,The One
20929,GIANT_CAPUT,Giant Caput
20930,DOLORIAN,Dolorian
20931,PLAGARION,Plagarion
20932,DEADRE,Deadre
20933,VENEDI,Venedi
20934,R001_BESTIA,R001-Bestia
20935,GAN_CEANN,Gan Ceann
20936,DISGUISER,Disguiser
20937,BRUTAL_MURDERER,Brutal Murderer
20938,GHOST_CUBE,Ghost Cube
20939,LUDE_GAL,Lude Gal
20940,BLUEMOON_LOLI_RURI,Blue Moon Loli Ruri
20941,GROTE,Grote
20942,PIERROTZOIST,Pierrotzoist
20943,DEATH_WITCH,Death Witch
21064,S_DUMMY_100_SMALL,Training Dummy (Small)
21065,S_DUMMY_100_MEDIUM,Training Dummy (Medium)
21066,S_DUMMY_100_LARGE,Training Dummy (Large)
21067,S_DUMMY_100_NOTHING,Training Dummy (Neutral)
21068,S_DUMMY_100_DRAGON,Training Dummy (Dragon)
21069,S_DUMMY_100_ANIMAL,Training Dummy (Brute)
21070,S_DUMMY_100_HUMAN,Training Dummy (Human)
21071,S_DUMMY_100_INSECT,Training Dummy (Insect)
21072,S_DUMMY_100_FISH,Training Dummy (Fish)
21073,S_DUMMY_100_DEMON,Training Dummy (Demon)
21074,S_DUMMY_100_PLANT,Training Dummy (Plant)
21075,S_DUMMY_100_ANGEL,Training Dummy (Angel)
21076,S_DUMMY_100_UNDEAD,Training Dummy (Undead)
21077,S_DUMMY_100_NOTHING2,Dummy (Neutral Lv1)
21078,S_DUMMY_100_WATER,Dummy (Water Lv1)
21079,S_DUMMY_100_GROUND,Dummy (Earth Lv1)
21080,S_DUMMY_100_FIRE,Dummy (Fire Lv1)
21081,S_DUMMY_100_WIND,Dummy (Wind Lv1)
21082,S_DUMMY_100_POISON,Dummy (Poison Lv1)
21083,S_DUMMY_100_SAINT,Dummy (Holy Lv1)
21084,S_DUMMY_100_DARKNESS,Dummy (Dark Lv1)
21085,S_DUMMY_100_TELEKINESIS,Dummy (Ghost Lv1)
21086,S_DUMMY_100_UNDEAD2,Dummy (Undead Lv1)
21087,S_DUMMY_100_HUMANP,Dummy (Human Player)
21088,S_DUMMY_100_DORAMP,Dummy (Doram Player)
21292,EP18_ARMED_VILLAGER01,Armed villager
21293,EP18_ARMED_VILLAGER02,Armed villager
21294,EP18_ARMED_VILLAGER03,Armed villager
21295,EP18_ASH_TOAD,Ash Toad
21296,EP18_RAKEHAND,Rakehand
21297,EP18_SPARK,Spark
21298,EP18_HOT_MOLAR,Hot Molar
21299,EP18_VOLCARING,Volcaring
21300,EP18_LAVA_TOAD,Lava Toad
21301,EP18_BURNING_FANG,Burning Fang
21302,EP18_ASHHOPPER,Ashhopper
21303,EP18_ASHRING,Ashring
21304,EP18_GREY_WOLF,Grey Wolf
21305,EP18_TUMBLE_RING,Tumblering
21306,EP18_FIREWIND_KITE,Firewind Kite
21307,EP18_PHANTOM_WOLF,Phantom Wolf
21308,EP18_MD_HEARTHUNTER_A,Heart Hunter
21309,EP18_MD_THOR_GUARD,Base Soldier
21310,EP18_MD_GUARD_A,Temple Guard
21311,EP18_MD_GUARD_B,Traditional Temple Guard
21312,EP18_MD_HEARTHUNTER_R,Heart Hunter
21313,EP18_MD_HEARTHUNTER_F,Heart Hunter
21314,EP18_MD_SCHULANG,Schulang
21315,EP18_MD_DEMI_FREYJA,Twisted God Freyja
21316,EP18_MD_SCHULANG_R,Schulang
21317,EP18_MD_DEMI_FREYJA_R,Twisted God Freyja
21318,EP18_MD_SANARE_R,Goddess Guardian
21319,EP18_MD_HEARTHUNTER_R2,Cottage Keeper
21320,EP18_NPC_MARAM,Maram
21321,EP18_NPC_MIRIAM,Miriam
21322,EP18_NPC_SUAD,Suad
21323,EP18_GREY_GOAT,Ashen Goat
21324,EP18_GREY_WOLF_BABY,Baby Gray Wolf
21360,EP18_MD_SCHULANG_L,Schulang
21361,EP18_MD_DEMI_FREYJA_L,Twisted God Freyja
21377,EP18_MD_SANARE_L,Goddess Guardian
21378,EP18_MD_HEARTHUNTER_L,Cottage Keeper
21386,ILL_ANDRE,Diligent Andre
21387,ILL_SOLDIER_ANDR,Diligent Soldier Andre
21388,ILL_ANDRE_LARVA,Diligent Andre Larva
21389,ILL_DENIRO,Diligent Deniro
21390,ILL_PIERE,Diligent Piere
21391,ILL_ANT_EGG,Mushy Ant Egg
21392,ILL_GIEARTH,Gutsy Giearth
21393,ILL_FARMILIAR,Gutsy Familiar
21394,ILL_VITATA,Diligent Vitata
21395,ILL_MAYA,Silent Maya
21866,HEROS_IN_ORB_1,Spring Jewel
21867,HEROS_IN_ORB_2,Summer Jewel
21868,HEROS_IN_ORB_3,Autumn Jewel
21869,HEROS_IN_ORB_4,Winter Jewel
21887,HEROS_OUT_ORB,Jewel
22177,MD_PRI_DRAGON_1,MD_PRI_DRAGON_1
22178,MD_PRI_DRAGON_2,MD_PRI_DRAGON_2
22179,MD_PRI_DRAGON_3,MD_PRI_DRAGON_3
22180,MD_PRI_DRAGON_4,MD_PRI_DRAGON_4
22192,SPIRIT_G_LAND_S,L Blue Earth Spirit
22193,SPIRIT_G_LAND_M,Blue Earth Spirit
22194,SPIRIT_G_LAND_L,G Blue Earth Spirit
22195,SPIRIT_G_LAND_SL,M Blue Earth Spirit
22196,SPIRIT_B_FLAME_S,L Blue Flame Spirit
22197,SPIRIT_B_FLAME_M,Blue Flame Spirit
22198,SPIRIT_B_FLAME_L,G Blue Flame Spirit
22199,SPIRIT_B_FLAME_SL,Blue Flame Mutant Spirit
22200,SPIRIT_S_WIND_S,L Strong Wind Spirit
22201,SPIRIT_S_WIND_M,Strong Wind Spirit
22202,SPIRIT_S_WIND_L,G Strong Wind Spirit
22203,SPIRIT_S_WIND_SL,M Strong Wind Spirit
22204,SPIRIT_I_WATER_S,L Cold Water Spirit
22205,SPIRIT_I_WATER_M,Cold Water Spirit
22206,SPIRIT_I_WATER_L,G Cold Water Spirit
22207,SPIRIT_I_WATER_SL,M Cold Water Spirit
22208,SPIRIT_C_LAND_S,L Polluted Earth Spirit
22209,SPIRIT_C_LAND_M,Polluted Earth Spirit
22210,SPIRIT_C_LAND_L,G Polluted Earth Spirit
22211,SPIRIT_C_LAND_SL,M Polluted Earth Spirit
22212,SPIRIT_C_FLAME_S,L Tainted Flame Spirit
22213,SPIRIT_C_FLAME_M,Tainted Flame Spirit
22214,SPIRIT_C_FLAME_L,G Tainted Flame Spirit
22215,SPIRIT_C_FLAME_SL,M Tainted Flame Spirit
22216,SPIRIT_H_WATER_S,L Hot Water Spirit
22217,SPIRIT_H_WATER_M,Hot Water Spirit
22218,SPIRIT_H_WATER_L,G Hot Water Spirit
22219,SPIRIT_H_WATER_SL,M Hot Water Spirit
22220,SPIRIT_D_WIND_S,L Dry Wind Spirit
22221,SPIRIT_D_WIND_M,Dry Wind Spirit
22222,SPIRIT_D_WIND_L,G Dry Wind Spirit
22223,SPIRIT_D_WIND_SL,M Dry Wind Spirit
22224,SPIRIT_R_FLAME_S,L Red Flame Spirit
22225,SPIRIT_R_FLAME_M,Red Flame Spirit
22226,SPIRIT_R_FLAME_L,G Red Flame Spirit
22227,SPIRIT_R_FLAME_SL,M Red Flame Spirit
22228,SPIRIT_F_LAND_S,L Solid Earth Spirit
22229,SPIRIT_F_LAND_M,Solid Earth Spirit
22230,SPIRIT_F_LAND_L,G Solid Earth Spirit
22231,SPIRIT_F_LAND_SL,M Solid Earth Spirit
22232,SPIRIT_C_WATER_S,L Polluted Water Spirit
22233,SPIRIT_C_WATER_M,Polluted Water Spirit
22234,SPIRIT_C_WATER_L,G Polluted Water Spirit
22235,SPIRIT_C_WATER_SL,M Polluted Water Spirit
22236,SPIRIT_C_WIND_S,L Tainted Wind Spirit
22237,SPIRIT_C_WIND_M,Tainted Wind Spirit
22238,SPIRIT_C_WIND_L,G Tainted Wind Spirit
22239,SPIRIT_C_WIND_SL,M Tainted Wind Spirit
22551,S_DUMMY_SMALL_R10,Dummy (Small)
22552,S_DUMMY_MEDIUM_R10,Dummy (Medium)
22553,S_DUMMY_LARGE_R10,Dummy (Large)
22554,S_DUMMY_XLARGE_R40,Dummy (Extra Large)
22555,S_DUMMY_SMALL_R20,Dummy (Small)
22556,S_DUMMY_MEDIUM_R20,Dummy (Medium)
22557,S_DUMMY_LARGE_R20,Dummy (Large)
22558,S_DUMMY_XLARGE_R50,Dummy (Extra Large)
22559,S_DUMMY_SMALL_R30,Dummy (Small)
22560,S_DUMMY_MEDIUM_R30,Dummy (Medium)
22561,S_DUMMY_SMALL1,Dummy (Small)
22562,S_DUMMY_MEDIUM1,Dummy (Medium)
22563,S_DUMMY_LARGE1,Dummy (Large)
22564,S_DUMMY_SMALL1_R10,Dummy (Small)
22565,S_DUMMY_MEDIUM1_R10,Dummy (Medium)
22566,S_DUMMY_LARGE1_R10,Dummy (Large)
22567,S_DUMMY_XLARGE1_R40,Dummy (Extra Large)
22568,S_DUMMY_SMALL1_R20,Dummy (Small)
22569,S_DUMMY_MEDIUM1_R20,Dummy (Medium)
22570,S_DUMMY_LARGE1_R20,Dummy (Large)
22571,S_DUMMY_XLARGE1_R50,Dummy (Extra Large)
22572,S_DUMMY_SMALL1_R30,Dummy (Small)
22573,S_DUMMY_MEDIUM1_R30,Dummy (Medium)
22574,S_DUMMY_LARGE1_R30,Dummy (Large)
22575,S_DUMMY_SMALL2,Dummy (Small)
22576,S_DUMMY_MEDIUM2,Dummy (Medium)
22577,S_DUMMY_LARGE2,Dummy (Large)
22578,S_DUMMY_SMALL2_R10,Dummy (Small)
22579,S_DUMMY_MEDIUM2_R10,Dummy (Medium)
22580,S_DUMMY_LARGE2_R10,Dummy (Large)
22581,S_DUMMY_XLARGE2_R40,Dummy (Extra Large)
22582,S_DUMMY_SMALL2_R20,Dummy (Small)
22583,S_DUMMY_MEDIUM2_R20,Dummy (Medium)
22584,S_DUMMY_LARGE2_R20,Dummy (Large)
22585,S_DUMMY_XLARGE2_R50,Dummy (Extra Large)
22586,S_DUMMY_SMALL2_R30,Dummy (Small)
22587,S_DUMMY_MEDIUM2_R30,Dummy (Medium)
22588,S_DUMMY_LARGE2_R30,Dummy (Large)
22589,S_DUMMY_SMALL_M10,Dummy (Small)
22590,S_DUMMY_MEDIUM_M10,Dummy (Medium)
22591,S_DUMMY_LARGE_M10,Dummy (Large)
22592,S_DUMMY_XLARGE_M40,Dummy (Extra Large)
22593,S_DUMMY_SMALL_M20,Dummy (Small)
22594,S_DUMMY_MEDIUM_M20,Dummy (Medium)
22595,S_DUMMY_LARGE_M20,Dummy (Large)
22596,S_DUMMY_XLARGE_M50,Dummy (Extra Large)
22597,S_DUMMY_SMALL_M30,Dummy (Small)
22598,S_DUMMY_MEDIUM_M30,Dummy (Medium)
22599,S_DUMMY_LARGE_M30,Dummy (Large)
22600,S_DUMMY_SMALL3,Dummy (Small)
22601,S_DUMMY_MEDIUM3,Dummy (Medium)
22602,S_DUMMY_LARGE3,Dummy (Large)
22603,S_DUMMY_SMALL3_M10,Dummy (Small)
22604,S_DUMMY_MEDIUM3_M10,Dummy (Medium)
22605,S_DUMMY_LARGE3_M10,Dummy (Large)
22606,S_DUMMY_XLARGE1_M40,Dummy (Extra Large)
22607,S_DUMMY_SMALL3_M20,Dummy (Small)
22608,S_DUMMY_MEDIUM3_M20,Dummy (Medium)
22609,S_DUMMY_LARGE3_M20,Dummy (Large)
22610,S_DUMMY_XLARGE1_M50,Dummy (Extra Large)
22611,S_DUMMY_SMALL3_M30,Dummy (Small)
22612,S_DUMMY_MEDIUM3_M30,Dummy (Medium)
22613,S_DUMMY_LARGE3_M30,Dummy (Large)
22614,S_DUMMY_SMALL4,Dummy (Small)
22615,S_DUMMY_MEDIUM4,Dummy (Medium)
22616,S_DUMMY_LARGE4,Dummy (Large)
22617,S_DUMMY_SMALL4_M10,Dummy (Small)
22618,S_DUMMY_MEDIUM4_M10,Dummy (Medium)
22619,S_DUMMY_LARGE4_M10,Dummy (Large)
22620,S_DUMMY_XLARGE2_M40,Dummy (Extra Large)
22621,S_DUMMY_SMALL4_M20,Dummy (Small)
22622,S_DUMMY_MEDIUM4_M20,Dummy (Medium)
22623,S_DUMMY_LARGE4_M20,Dummy (Large)
22624,S_DUMMY_XLARGE2_M50,Dummy (Extra Large)
22625,S_DUMMY_SMALL4_M30,Dummy (Small)
22626,S_DUMMY_MEDIUM4_M30,Dummy (Medium)
22627,S_DUMMY_LARGE4_M30,Dummy (Large)
22628,S_DUMMY2_NOTHING,Dummy (Formless Race)
22629,S_DUMMY2_DRAGON,Dummy (Dragon Race)
22630,S_DUMMY2_ANIMAL,Dummy (Brute Race)
22631,S_DUMMY2_HUMAN,Dummy (Human Race)
22632,S_DUMMY2_INSECT,Dummy (Insect Race)
22633,S_DUMMY2_FISH,Dummy (Fish Race)
22634,S_DUMMY2_DEMON,Dummy (Demon Race)
22635,S_DUMMY2_PLANT,Dummy (Plant Race)
22636,S_DUMMY2_ANGEL,Dummy (Angel Race)
22637,S_DUMMY2_UNDEAD,Dummy (Undead Race)
22638,S_DUMMY3_NOTHING,Dummy (Formless Race)
22639,S_DUMMY3_DRAGON,Dummy (Dragon Race)
22640,S_DUMMY3_ANIMAL,Dummy (Brute Race)
22641,S_DUMMY3_HUMAN,Dummy (Human Race)
22642,S_DUMMY3_INSECT,Dummy (Insect Race)
22643,S_DUMMY3_FISH,Dummy (Fish Race)
22644,S_DUMMY3_DEMON,Dummy (Demon Race)
22645,S_DUMMY3_PLANT,Dummy (Plant Race)
22646,S_DUMMY3_ANGEL,Dummy (Angel Race)
22647,S_DUMMY3_UNDEAD,Dummy (Undead Race)
22648,S_DUMMY2_NOTHING2,Dummy (Neutral)
22649,S_DUMMY2_WATER,Dummy (Water)
22650,S_DUMMY2_GROUND,Dummy (Earth)
22651,S_DUMMY2_FIRE,Dummy (Fire)
22652,S_DUMMY2_WIND,Dummy (Wind)
22653,S_DUMMY2_POISON,Dummy (Poison)
22654,S_DUMMY2_SAINT,Dummy (Holy)
22655,S_DUMMY2_DARKNESS,Dummy (Dark)
22656,S_DUMMY2_TELEKINESIS,Dummy (Ghost)
22657,S_DUMMY2_UNDEAD2,Dummy (Undead)
22658,S_DUMMY3_NOTHING2,Dummy (Neutral)
22659,S_DUMMY3_WATER,Dummy (Water)
22660,S_DUMMY3_GROUND,Dummy (Earth)
22661,S_DUMMY3_FIRE,Dummy (Fire)
22662,S_DUMMY3_WIND,Dummy (Wind)
22663,S_DUMMY3_POISON,Dummy (Poison)
22664,S_DUMMY3_SAINT,Dummy (Holy)
22665,S_DUMMY3_DARKNESS,Dummy (Dark)
22666,S_DUMMY3_TELEKINESIS,Dummy (Ghost)
22667,S_DUMMY3_UNDEAD2,Dummy (Undead)
22668,S_DUMMY_LARGE_R30,Dummy (Large)